<?xml version="1.0" encoding="utf-8"?>
<!DOCTYPE rrd SYSTEM "http://oss.oetiker.ch/rrdtool/rrdtool.dtd">
<!-- Round Robin Database Dump -->
<rrd>
	<version>0003</version>
	<step>1</step> <!-- Seconds -->
	<lastupdate>1551286166</lastupdate> <!-- 2019-02-27 10:49:26 CST -->

	<ds>
		<name> in </name>
		<type> COUNTER </type>
		<minimal_heartbeat>60</minimal_heartbeat>
		<min>NaN</min>
		<max>NaN</max>

		<!-- PDP Status -->
		<last_ds>0</last_ds>
		<value>0.0000000000e+00</value>
		<unknown_sec> 0 </unknown_sec>
	</ds>

	<ds>
		<name> out </name>
		<type> COUNTER </type>
		<minimal_heartbeat>60</minimal_heartbeat>
		<min>NaN</min>
		<max>NaN</max>

		<!-- PDP Status -->
		<last_ds>0</last_ds>
		<value>0.0000000000e+00</value>
		<unknown_sec> 0 </unknown_sec>
	</ds>

	<!-- Round Robin Archives -->
	<rra>
		<cf>AVERAGE</cf>
		<pdp_per_row>1</pdp_per_row> <!-- 1 seconds -->

		<params>
		<xff>5.0000000000e-01</xff>
		</params>
		<cdp_prep>
			<ds>
			<primary_value>0.0000000000e+00</primary_value>
			<secondary_value>0.0000000000e+00</secondary_value>
			<value>NaN</value>
			<unknown_datapoints>0</unknown_datapoints>
			</ds>
			<ds>
			<primary_value>0.0000000000e+00</primary_value>
			<secondary_value>0.0000000000e+00</secondary_value>
			<value>NaN</value>
			<unknown_datapoints>0</unknown_datapoints>
			</ds>
		</cdp_prep>
		<database>
			<!-- 2019-02-27 10:47:47 CST / 1551286067 --> <row><v>NaN</v><v>NaN</v></row>
			<!-- 2019-02-27 10:47:48 CST / 1551286068 --> <row><v>NaN</v><v>NaN</v></row>
			<!-- 2019-02-27 10:47:49 CST / 1551286069 --> <row><v>NaN</v><v>NaN</v></row>
			<!-- 2019-02-27 10:47:50 CST / 1551286070 --> <row><v>NaN</v><v>NaN</v></row>
			<!-- 2019-02-27 10:47:51 CST / 1551286071 --> <row><v>NaN</v><v>NaN</v></row>
			<!-- 2019-02-27 10:47:52 CST / 1551286072 --> <row><v>NaN</v><v>NaN</v></row>
			<!-- 2019-02-27 10:47:53 CST / 1551286073 --> <row><v>NaN</v><v>NaN</v></row>
			<!-- 2019-02-27 10:47:54 CST / 1551286074 --> <row><v>NaN</v><v>NaN</v></row>
			<!-- 2019-02-27 10:47:55 CST / 1551286075 --> <row><v>NaN</v><v>NaN</v></row>
			<!-- 2019-02-27 10:47:56 CST / 1551286076 --> <row><v>NaN</v><v>NaN</v></row>
			<!-- 2019-02-27 10:47:57 CST / 1551286077 --> <row><v>NaN</v><v>NaN</v></row>
			<!-- 2019-02-27 10:47:58 CST / 1551286078 --> <row><v>NaN</v><v>NaN</v></row>
			<!-- 2019-02-27 10:47:59 CST / 1551286079 --> <row><v>NaN</v><v>NaN</v></row>
			<!-- 2019-02-27 10:48:00 CST / 1551286080 --> <row><v>NaN</v><v>NaN</v></row>
			<!-- 2019-02-27 10:48:01 CST / 1551286081 --> <row><v>NaN</v><v>NaN</v></row>
			<!-- 2019-02-27 10:48:02 CST / 1551286082 --> <row><v>NaN</v><v>NaN</v></row>
			<!-- 2019-02-27 10:48:03 CST / 1551286083 --> <row><v>NaN</v><v>NaN</v></row>
			<!-- 2019-02-27 10:48:04 CST / 1551286084 --> <row><v>NaN</v><v>NaN</v></row>
			<!-- 2019-02-27 10:48:05 CST / 1551286085 --> <row><v>NaN</v><v>NaN</v></row>
			<!-- 2019-02-27 10:48:06 CST / 1551286086 --> <row><v>NaN</v><v>NaN</v></row>
			<!-- 2019-02-27 10:48:07 CST / 1551286087 --> <row><v>NaN</v><v>NaN</v></row>
			<!-- 2019-02-27 10:48:08 CST / 1551286088 --> <row><v>NaN</v><v>NaN</v></row>
			<!-- 2019-02-27 10:48:09 CST / 1551286089 --> <row><v>NaN</v><v>NaN</v></row>
			<!-- 2019-02-27 10:48:10 CST / 1551286090 --> <row><v>NaN</v><v>NaN</v></row>
			<!-- 2019-02-27 10:48:11 CST / 1551286091 --> <row><v>NaN</v><v>NaN</v></row>
			<!-- 2019-02-27 10:48:12 CST / 1551286092 --> <row><v>NaN</v><v>NaN</v></row>
			<!-- 2019-02-27 10:48:13 CST / 1551286093 --> <row><v>NaN</v><v>NaN</v></row>
			<!-- 2019-02-27 10:48:14 CST / 1551286094 --> <row><v>NaN</v><v>NaN</v></row>
			<!-- 2019-02-27 10:48:15 CST / 1551286095 --> <row><v>NaN</v><v>NaN</v></row>
			<!-- 2019-02-27 10:48:16 CST / 1551286096 --> <row><v>NaN</v><v>NaN</v></row>
			<!-- 2019-02-27 10:48:17 CST / 1551286097 --> <row><v>NaN</v><v>NaN</v></row>
			<!-- 2019-02-27 10:48:18 CST / 1551286098 --> <row><v>NaN</v><v>NaN</v></row>
			<!-- 2019-02-27 10:48:19 CST / 1551286099 --> <row><v>NaN</v><v>NaN</v></row>
			<!-- 2019-02-27 10:48:20 CST / 1551286100 --> <row><v>NaN</v><v>NaN</v></row>
			<!-- 2019-02-27 10:48:21 CST / 1551286101 --> <row><v>NaN</v><v>NaN</v></row>
			<!-- 2019-02-27 10:48:22 CST / 1551286102 --> <row><v>NaN</v><v>NaN</v></row>
			<!-- 2019-02-27 10:48:23 CST / 1551286103 --> <row><v>NaN</v><v>NaN</v></row>
			<!-- 2019-02-27 10:48:24 CST / 1551286104 --> <row><v>NaN</v><v>NaN</v></row>
			<!-- 2019-02-27 10:48:25 CST / 1551286105 --> <row><v>NaN</v><v>NaN</v></row>
			<!-- 2019-02-27 10:48:26 CST / 1551286106 --> <row><v>NaN</v><v>NaN</v></row>
			<!-- 2019-02-27 10:48:27 CST / 1551286107 --> <row><v>NaN</v><v>NaN</v></row>
			<!-- 2019-02-27 10:48:28 CST / 1551286108 --> <row><v>NaN</v><v>NaN</v></row>
			<!-- 2019-02-27 10:48:29 CST / 1551286109 --> <row><v>NaN</v><v>NaN</v></row>
			<!-- 2019-02-27 10:48:30 CST / 1551286110 --> <row><v>NaN</v><v>NaN</v></row>
			<!-- 2019-02-27 10:48:31 CST / 1551286111 --> <row><v>NaN</v><v>NaN</v></row>
			<!-- 2019-02-27 10:48:32 CST / 1551286112 --> <row><v>NaN</v><v>NaN</v></row>
			<!-- 2019-02-27 10:48:33 CST / 1551286113 --> <row><v>NaN</v><v>NaN</v></row>
			<!-- 2019-02-27 10:48:34 CST / 1551286114 --> <row><v>NaN</v><v>NaN</v></row>
			<!-- 2019-02-27 10:48:35 CST / 1551286115 --> <row><v>NaN</v><v>NaN</v></row>
			<!-- 2019-02-27 10:48:36 CST / 1551286116 --> <row><v>NaN</v><v>NaN</v></row>
			<!-- 2019-02-27 10:48:37 CST / 1551286117 --> <row><v>NaN</v><v>NaN</v></row>
			<!-- 2019-02-27 10:48:38 CST / 1551286118 --> <row><v>NaN</v><v>NaN</v></row>
			<!-- 2019-02-27 10:48:39 CST / 1551286119 --> <row><v>NaN</v><v>NaN</v></row>
			<!-- 2019-02-27 10:48:40 CST / 1551286120 --> <row><v>NaN</v><v>NaN</v></row>
			<!-- 2019-02-27 10:48:41 CST / 1551286121 --> <row><v>NaN</v><v>NaN</v></row>
			<!-- 2019-02-27 10:48:42 CST / 1551286122 --> <row><v>NaN</v><v>NaN</v></row>
			<!-- 2019-02-27 10:48:43 CST / 1551286123 --> <row><v>NaN</v><v>NaN</v></row>
			<!-- 2019-02-27 10:48:44 CST / 1551286124 --> <row><v>NaN</v><v>NaN</v></row>
			<!-- 2019-02-27 10:48:45 CST / 1551286125 --> <row><v>NaN</v><v>NaN</v></row>
			<!-- 2019-02-27 10:48:46 CST / 1551286126 --> <row><v>NaN</v><v>NaN</v></row>
			<!-- 2019-02-27 10:48:47 CST / 1551286127 --> <row><v>NaN</v><v>NaN</v></row>
			<!-- 2019-02-27 10:48:48 CST / 1551286128 --> <row><v>NaN</v><v>NaN</v></row>
			<!-- 2019-02-27 10:48:49 CST / 1551286129 --> <row><v>NaN</v><v>NaN</v></row>
			<!-- 2019-02-27 10:48:50 CST / 1551286130 --> <row><v>NaN</v><v>NaN</v></row>
			<!-- 2019-02-27 10:48:51 CST / 1551286131 --> <row><v>NaN</v><v>NaN</v></row>
			<!-- 2019-02-27 10:48:52 CST / 1551286132 --> <row><v>NaN</v><v>NaN</v></row>
			<!-- 2019-02-27 10:48:53 CST / 1551286133 --> <row><v>NaN</v><v>NaN</v></row>
			<!-- 2019-02-27 10:48:54 CST / 1551286134 --> <row><v>NaN</v><v>NaN</v></row>
			<!-- 2019-02-27 10:48:55 CST / 1551286135 --> <row><v>NaN</v><v>NaN</v></row>
			<!-- 2019-02-27 10:48:56 CST / 1551286136 --> <row><v>NaN</v><v>NaN</v></row>
			<!-- 2019-02-27 10:48:57 CST / 1551286137 --> <row><v>NaN</v><v>NaN</v></row>
			<!-- 2019-02-27 10:48:58 CST / 1551286138 --> <row><v>NaN</v><v>NaN</v></row>
			<!-- 2019-02-27 10:48:59 CST / 1551286139 --> <row><v>NaN</v><v>NaN</v></row>
			<!-- 2019-02-27 10:49:00 CST / 1551286140 --> <row><v>NaN</v><v>NaN</v></row>
			<!-- 2019-02-27 10:49:01 CST / 1551286141 --> <row><v>NaN</v><v>NaN</v></row>
			<!-- 2019-02-27 10:49:02 CST / 1551286142 --> <row><v>NaN</v><v>NaN</v></row>
			<!-- 2019-02-27 10:49:03 CST / 1551286143 --> <row><v>NaN</v><v>NaN</v></row>
			<!-- 2019-02-27 10:49:04 CST / 1551286144 --> <row><v>NaN</v><v>NaN</v></row>
			<!-- 2019-02-27 10:49:05 CST / 1551286145 --> <row><v>NaN</v><v>NaN</v></row>
			<!-- 2019-02-27 10:49:06 CST / 1551286146 --> <row><v>NaN</v><v>NaN</v></row>
			<!-- 2019-02-27 10:49:07 CST / 1551286147 --> <row><v>NaN</v><v>NaN</v></row>
			<!-- 2019-02-27 10:49:08 CST / 1551286148 --> <row><v>NaN</v><v>NaN</v></row>
			<!-- 2019-02-27 10:49:09 CST / 1551286149 --> <row><v>NaN</v><v>NaN</v></row>
			<!-- 2019-02-27 10:49:10 CST / 1551286150 --> <row><v>NaN</v><v>NaN</v></row>
			<!-- 2019-02-27 10:49:11 CST / 1551286151 --> <row><v>NaN</v><v>NaN</v></row>
			<!-- 2019-02-27 10:49:12 CST / 1551286152 --> <row><v>NaN</v><v>NaN</v></row>
			<!-- 2019-02-27 10:49:13 CST / 1551286153 --> <row><v>NaN</v><v>NaN</v></row>
			<!-- 2019-02-27 10:49:14 CST / 1551286154 --> <row><v>NaN</v><v>NaN</v></row>
			<!-- 2019-02-27 10:49:15 CST / 1551286155 --> <row><v>0.0000000000e+00</v><v>0.0000000000e+00</v></row>
			<!-- 2019-02-27 10:49:16 CST / 1551286156 --> <row><v>0.0000000000e+00</v><v>0.0000000000e+00</v></row>
			<!-- 2019-02-27 10:49:17 CST / 1551286157 --> <row><v>0.0000000000e+00</v><v>0.0000000000e+00</v></row>
			<!-- 2019-02-27 10:49:18 CST / 1551286158 --> <row><v>0.0000000000e+00</v><v>0.0000000000e+00</v></row>
			<!-- 2019-02-27 10:49:19 CST / 1551286159 --> <row><v>0.0000000000e+00</v><v>0.0000000000e+00</v></row>
			<!-- 2019-02-27 10:49:20 CST / 1551286160 --> <row><v>0.0000000000e+00</v><v>0.0000000000e+00</v></row>
			<!-- 2019-02-27 10:49:21 CST / 1551286161 --> <row><v>0.0000000000e+00</v><v>0.0000000000e+00</v></row>
			<!-- 2019-02-27 10:49:22 CST / 1551286162 --> <row><v>0.0000000000e+00</v><v>0.0000000000e+00</v></row>
			<!-- 2019-02-27 10:49:23 CST / 1551286163 --> <row><v>0.0000000000e+00</v><v>0.0000000000e+00</v></row>
			<!-- 2019-02-27 10:49:24 CST / 1551286164 --> <row><v>0.0000000000e+00</v><v>0.0000000000e+00</v></row>
			<!-- 2019-02-27 10:49:25 CST / 1551286165 --> <row><v>0.0000000000e+00</v><v>0.0000000000e+00</v></row>
			<!-- 2019-02-27 10:49:26 CST / 1551286166 --> <row><v>0.0000000000e+00</v><v>0.0000000000e+00</v></row>
		</database>
	</rra>
	<rra>
		<cf>AVERAGE</cf>
		<pdp_per_row>1</pdp_per_row> <!-- 1 seconds -->

		<params>
		<xff>5.0000000000e-01</xff>
		</params>
		<cdp_prep>
			<ds>
			<primary_value>0.0000000000e+00</primary_value>
			<secondary_value>0.0000000000e+00</secondary_value>
			<value>NaN</value>
			<unknown_datapoints>0</unknown_datapoints>
			</ds>
			<ds>
			<primary_value>0.0000000000e+00</primary_value>
			<secondary_value>0.0000000000e+00</secondary_value>
			<value>NaN</value>
			<unknown_datapoints>0</unknown_datapoints>
			</ds>
		</cdp_prep>
		<database>
			<!-- 2019-02-27 10:47:47 CST / 1551286067 --> <row><v>NaN</v><v>NaN</v></row>
			<!-- 2019-02-27 10:47:48 CST / 1551286068 --> <row><v>NaN</v><v>NaN</v></row>
			<!-- 2019-02-27 10:47:49 CST / 1551286069 --> <row><v>NaN</v><v>NaN</v></row>
			<!-- 2019-02-27 10:47:50 CST / 1551286070 --> <row><v>NaN</v><v>NaN</v></row>
			<!-- 2019-02-27 10:47:51 CST / 1551286071 --> <row><v>NaN</v><v>NaN</v></row>
			<!-- 2019-02-27 10:47:52 CST / 1551286072 --> <row><v>NaN</v><v>NaN</v></row>
			<!-- 2019-02-27 10:47:53 CST / 1551286073 --> <row><v>NaN</v><v>NaN</v></row>
			<!-- 2019-02-27 10:47:54 CST / 1551286074 --> <row><v>NaN</v><v>NaN</v></row>
			<!-- 2019-02-27 10:47:55 CST / 1551286075 --> <row><v>NaN</v><v>NaN</v></row>
			<!-- 2019-02-27 10:47:56 CST / 1551286076 --> <row><v>NaN</v><v>NaN</v></row>
			<!-- 2019-02-27 10:47:57 CST / 1551286077 --> <row><v>NaN</v><v>NaN</v></row>
			<!-- 2019-02-27 10:47:58 CST / 1551286078 --> <row><v>NaN</v><v>NaN</v></row>
			<!-- 2019-02-27 10:47:59 CST / 1551286079 --> <row><v>NaN</v><v>NaN</v></row>
			<!-- 2019-02-27 10:48:00 CST / 1551286080 --> <row><v>NaN</v><v>NaN</v></row>
			<!-- 2019-02-27 10:48:01 CST / 1551286081 --> <row><v>NaN</v><v>NaN</v></row>
			<!-- 2019-02-27 10:48:02 CST / 1551286082 --> <row><v>NaN</v><v>NaN</v></row>
			<!-- 2019-02-27 10:48:03 CST / 1551286083 --> <row><v>NaN</v><v>NaN</v></row>
			<!-- 2019-02-27 10:48:04 CST / 1551286084 --> <row><v>NaN</v><v>NaN</v></row>
			<!-- 2019-02-27 10:48:05 CST / 1551286085 --> <row><v>NaN</v><v>NaN</v></row>
			<!-- 2019-02-27 10:48:06 CST / 1551286086 --> <row><v>NaN</v><v>NaN</v></row>
			<!-- 2019-02-27 10:48:07 CST / 1551286087 --> <row><v>NaN</v><v>NaN</v></row>
			<!-- 2019-02-27 10:48:08 CST / 1551286088 --> <row><v>NaN</v><v>NaN</v></row>
			<!-- 2019-02-27 10:48:09 CST / 1551286089 --> <row><v>NaN</v><v>NaN</v></row>
			<!-- 2019-02-27 10:48:10 CST / 1551286090 --> <row><v>NaN</v><v>NaN</v></row>
			<!-- 2019-02-27 10:48:11 CST / 1551286091 --> <row><v>NaN</v><v>NaN</v></row>
			<!-- 2019-02-27 10:48:12 CST / 1551286092 --> <row><v>NaN</v><v>NaN</v></row>
			<!-- 2019-02-27 10:48:13 CST / 1551286093 --> <row><v>NaN</v><v>NaN</v></row>
			<!-- 2019-02-27 10:48:14 CST / 1551286094 --> <row><v>NaN</v><v>NaN</v></row>
			<!-- 2019-02-27 10:48:15 CST / 1551286095 --> <row><v>NaN</v><v>NaN</v></row>
			<!-- 2019-02-27 10:48:16 CST / 1551286096 --> <row><v>NaN</v><v>NaN</v></row>
			<!-- 2019-02-27 10:48:17 CST / 1551286097 --> <row><v>NaN</v><v>NaN</v></row>
			<!-- 2019-02-27 10:48:18 CST / 1551286098 --> <row><v>NaN</v><v>NaN</v></row>
			<!-- 2019-02-27 10:48:19 CST / 1551286099 --> <row><v>NaN</v><v>NaN</v></row>
			<!-- 2019-02-27 10:48:20 CST / 1551286100 --> <row><v>NaN</v><v>NaN</v></row>
			<!-- 2019-02-27 10:48:21 CST / 1551286101 --> <row><v>NaN</v><v>NaN</v></row>
			<!-- 2019-02-27 10:48:22 CST / 1551286102 --> <row><v>NaN</v><v>NaN</v></row>
			<!-- 2019-02-27 10:48:23 CST / 1551286103 --> <row><v>NaN</v><v>NaN</v></row>
			<!-- 2019-02-27 10:48:24 CST / 1551286104 --> <row><v>NaN</v><v>NaN</v></row>
			<!-- 2019-02-27 10:48:25 CST / 1551286105 --> <row><v>NaN</v><v>NaN</v></row>
			<!-- 2019-02-27 10:48:26 CST / 1551286106 --> <row><v>NaN</v><v>NaN</v></row>
			<!-- 2019-02-27 10:48:27 CST / 1551286107 --> <row><v>NaN</v><v>NaN</v></row>
			<!-- 2019-02-27 10:48:28 CST / 1551286108 --> <row><v>NaN</v><v>NaN</v></row>
			<!-- 2019-02-27 10:48:29 CST / 1551286109 --> <row><v>NaN</v><v>NaN</v></row>
			<!-- 2019-02-27 10:48:30 CST / 1551286110 --> <row><v>NaN</v><v>NaN</v></row>
			<!-- 2019-02-27 10:48:31 CST / 1551286111 --> <row><v>NaN</v><v>NaN</v></row>
			<!-- 2019-02-27 10:48:32 CST / 1551286112 --> <row><v>NaN</v><v>NaN</v></row>
			<!-- 2019-02-27 10:48:33 CST / 1551286113 --> <row><v>NaN</v><v>NaN</v></row>
			<!-- 2019-02-27 10:48:34 CST / 1551286114 --> <row><v>NaN</v><v>NaN</v></row>
			<!-- 2019-02-27 10:48:35 CST / 1551286115 --> <row><v>NaN</v><v>NaN</v></row>
			<!-- 2019-02-27 10:48:36 CST / 1551286116 --> <row><v>NaN</v><v>NaN</v></row>
			<!-- 2019-02-27 10:48:37 CST / 1551286117 --> <row><v>NaN</v><v>NaN</v></row>
			<!-- 2019-02-27 10:48:38 CST / 1551286118 --> <row><v>NaN</v><v>NaN</v></row>
			<!-- 2019-02-27 10:48:39 CST / 1551286119 --> <row><v>NaN</v><v>NaN</v></row>
			<!-- 2019-02-27 10:48:40 CST / 1551286120 --> <row><v>NaN</v><v>NaN</v></row>
			<!-- 2019-02-27 10:48:41 CST / 1551286121 --> <row><v>NaN</v><v>NaN</v></row>
			<!-- 2019-02-27 10:48:42 CST / 1551286122 --> <row><v>NaN</v><v>NaN</v></row>
			<!-- 2019-02-27 10:48:43 CST / 1551286123 --> <row><v>NaN</v><v>NaN</v></row>
			<!-- 2019-02-27 10:48:44 CST / 1551286124 --> <row><v>NaN</v><v>NaN</v></row>
			<!-- 2019-02-27 10:48:45 CST / 1551286125 --> <row><v>NaN</v><v>NaN</v></row>
			<!-- 2019-02-27 10:48:46 CST / 1551286126 --> <row><v>NaN</v><v>NaN</v></row>
			<!-- 2019-02-27 10:48:47 CST / 1551286127 --> <row><v>NaN</v><v>NaN</v></row>
			<!-- 2019-02-27 10:48:48 CST / 1551286128 --> <row><v>NaN</v><v>NaN</v></row>
			<!-- 2019-02-27 10:48:49 CST / 1551286129 --> <row><v>NaN</v><v>NaN</v></row>
			<!-- 2019-02-27 10:48:50 CST / 1551286130 --> <row><v>NaN</v><v>NaN</v></row>
			<!-- 2019-02-27 10:48:51 CST / 1551286131 --> <row><v>NaN</v><v>NaN</v></row>
			<!-- 2019-02-27 10:48:52 CST / 1551286132 --> <row><v>NaN</v><v>NaN</v></row>
			<!-- 2019-02-27 10:48:53 CST / 1551286133 --> <row><v>NaN</v><v>NaN</v></row>
			<!-- 2019-02-27 10:48:54 CST / 1551286134 --> <row><v>NaN</v><v>NaN</v></row>
			<!-- 2019-02-27 10:48:55 CST / 1551286135 --> <row><v>NaN</v><v>NaN</v></row>
			<!-- 2019-02-27 10:48:56 CST / 1551286136 --> <row><v>NaN</v><v>NaN</v></row>
			<!-- 2019-02-27 10:48:57 CST / 1551286137 --> <row><v>NaN</v><v>NaN</v></row>
			<!-- 2019-02-27 10:48:58 CST / 1551286138 --> <row><v>NaN</v><v>NaN</v></row>
			<!-- 2019-02-27 10:48:59 CST / 1551286139 --> <row><v>NaN</v><v>NaN</v></row>
			<!-- 2019-02-27 10:49:00 CST / 1551286140 --> <row><v>NaN</v><v>NaN</v></row>
			<!-- 2019-02-27 10:49:01 CST / 1551286141 --> <row><v>NaN</v><v>NaN</v></row>
			<!-- 2019-02-27 10:49:02 CST / 1551286142 --> <row><v>NaN</v><v>NaN</v></row>
			<!-- 2019-02-27 10:49:03 CST / 1551286143 --> <row><v>NaN</v><v>NaN</v></row>
			<!-- 2019-02-27 10:49:04 CST / 1551286144 --> <row><v>NaN</v><v>NaN</v></row>
			<!-- 2019-02-27 10:49:05 CST / 1551286145 --> <row><v>NaN</v><v>NaN</v></row>
			<!-- 2019-02-27 10:49:06 CST / 1551286146 --> <row><v>NaN</v><v>NaN</v></row>
			<!-- 2019-02-27 10:49:07 CST / 1551286147 --> <row><v>NaN</v><v>NaN</v></row>
			<!-- 2019-02-27 10:49:08 CST / 1551286148 --> <row><v>NaN</v><v>NaN</v></row>
			<!-- 2019-02-27 10:49:09 CST / 1551286149 --> <row><v>NaN</v><v>NaN</v></row>
			<!-- 2019-02-27 10:49:10 CST / 1551286150 --> <row><v>NaN</v><v>NaN</v></row>
			<!-- 2019-02-27 10:49:11 CST / 1551286151 --> <row><v>NaN</v><v>NaN</v></row>
			<!-- 2019-02-27 10:49:12 CST / 1551286152 --> <row><v>NaN</v><v>NaN</v></row>
			<!-- 2019-02-27 10:49:13 CST / 1551286153 --> <row><v>NaN</v><v>NaN</v></row>
			<!-- 2019-02-27 10:49:14 CST / 1551286154 --> <row><v>NaN</v><v>NaN</v></row>
			<!-- 2019-02-27 10:49:15 CST / 1551286155 --> <row><v>0.0000000000e+00</v><v>0.0000000000e+00</v></row>
			<!-- 2019-02-27 10:49:16 CST / 1551286156 --> <row><v>0.0000000000e+00</v><v>0.0000000000e+00</v></row>
			<!-- 2019-02-27 10:49:17 CST / 1551286157 --> <row><v>0.0000000000e+00</v><v>0.0000000000e+00</v></row>
			<!-- 2019-02-27 10:49:18 CST / 1551286158 --> <row><v>0.0000000000e+00</v><v>0.0000000000e+00</v></row>
			<!-- 2019-02-27 10:49:19 CST / 1551286159 --> <row><v>0.0000000000e+00</v><v>0.0000000000e+00</v></row>
			<!-- 2019-02-27 10:49:20 CST / 1551286160 --> <row><v>0.0000000000e+00</v><v>0.0000000000e+00</v></row>
			<!-- 2019-02-27 10:49:21 CST / 1551286161 --> <row><v>0.0000000000e+00</v><v>0.0000000000e+00</v></row>
			<!-- 2019-02-27 10:49:22 CST / 1551286162 --> <row><v>0.0000000000e+00</v><v>0.0000000000e+00</v></row>
			<!-- 2019-02-27 10:49:23 CST / 1551286163 --> <row><v>0.0000000000e+00</v><v>0.0000000000e+00</v></row>
			<!-- 2019-02-27 10:49:24 CST / 1551286164 --> <row><v>0.0000000000e+00</v><v>0.0000000000e+00</v></row>
			<!-- 2019-02-27 10:49:25 CST / 1551286165 --> <row><v>0.0000000000e+00</v><v>0.0000000000e+00</v></row>
			<!-- 2019-02-27 10:49:26 CST / 1551286166 --> <row><v>0.0000000000e+00</v><v>0.0000000000e+00</v></row>
		</database>
	</rra>
</rrd>
