<?xml version="1.0" encoding="utf-8"?>
<!DOCTYPE rrd SYSTEM "http://oss.oetiker.ch/rrdtool/rrdtool.dtd">
<!-- Round Robin Database Dump -->
<rrd>
	<version>0003</version>
	<step>10</step> <!-- Seconds -->
	<lastupdate>1551268994</lastupdate> <!-- 2019-02-27 06:03:14 CST -->

	<ds>
		<name> in </name>
		<type> COUNTER </type>
		<minimal_heartbeat>60</minimal_heartbeat>
		<min>NaN</min>
		<max>NaN</max>

		<!-- PDP Status -->
		<last_ds>0</last_ds>
		<value>0.0000000000e+00</value>
		<unknown_sec> 0 </unknown_sec>
	</ds>

	<ds>
		<name> out </name>
		<type> COUNTER </type>
		<minimal_heartbeat>60</minimal_heartbeat>
		<min>NaN</min>
		<max>NaN</max>

		<!-- PDP Status -->
		<last_ds>0</last_ds>
		<value>0.0000000000e+00</value>
		<unknown_sec> 0 </unknown_sec>
	</ds>

	<!-- Round Robin Archives -->
	<rra>
		<cf>AVERAGE</cf>
		<pdp_per_row>1</pdp_per_row> <!-- 10 seconds -->

		<params>
		<xff>5.0000000000e-01</xff>
		</params>
		<cdp_prep>
			<ds>
			<primary_value>0.0000000000e+00</primary_value>
			<secondary_value>0.0000000000e+00</secondary_value>
			<value>NaN</value>
			<unknown_datapoints>0</unknown_datapoints>
			</ds>
			<ds>
			<primary_value>0.0000000000e+00</primary_value>
			<secondary_value>0.0000000000e+00</secondary_value>
			<value>NaN</value>
			<unknown_datapoints>0</unknown_datapoints>
			</ds>
		</cdp_prep>
		<database>
			<!-- 2019-02-27 04:23:20 CST / 1551263000 --> <row><v>NaN</v><v>NaN</v></row>
			<!-- 2019-02-27 04:23:30 CST / 1551263010 --> <row><v>NaN</v><v>NaN</v></row>
			<!-- 2019-02-27 04:23:40 CST / 1551263020 --> <row><v>NaN</v><v>NaN</v></row>
			<!-- 2019-02-27 04:23:50 CST / 1551263030 --> <row><v>NaN</v><v>NaN</v></row>
			<!-- 2019-02-27 04:24:00 CST / 1551263040 --> <row><v>NaN</v><v>NaN</v></row>
			<!-- 2019-02-27 04:24:10 CST / 1551263050 --> <row><v>NaN</v><v>NaN</v></row>
			<!-- 2019-02-27 04:24:20 CST / 1551263060 --> <row><v>NaN</v><v>NaN</v></row>
			<!-- 2019-02-27 04:24:30 CST / 1551263070 --> <row><v>NaN</v><v>NaN</v></row>
			<!-- 2019-02-27 04:24:40 CST / 1551263080 --> <row><v>NaN</v><v>NaN</v></row>
			<!-- 2019-02-27 04:24:50 CST / 1551263090 --> <row><v>NaN</v><v>NaN</v></row>
			<!-- 2019-02-27 04:25:00 CST / 1551263100 --> <row><v>NaN</v><v>NaN</v></row>
			<!-- 2019-02-27 04:25:10 CST / 1551263110 --> <row><v>NaN</v><v>NaN</v></row>
			<!-- 2019-02-27 04:25:20 CST / 1551263120 --> <row><v>NaN</v><v>NaN</v></row>
			<!-- 2019-02-27 04:25:30 CST / 1551263130 --> <row><v>NaN</v><v>NaN</v></row>
			<!-- 2019-02-27 04:25:40 CST / 1551263140 --> <row><v>NaN</v><v>NaN</v></row>
			<!-- 2019-02-27 04:25:50 CST / 1551263150 --> <row><v>NaN</v><v>NaN</v></row>
			<!-- 2019-02-27 04:26:00 CST / 1551263160 --> <row><v>NaN</v><v>NaN</v></row>
			<!-- 2019-02-27 04:26:10 CST / 1551263170 --> <row><v>NaN</v><v>NaN</v></row>
			<!-- 2019-02-27 04:26:20 CST / 1551263180 --> <row><v>NaN</v><v>NaN</v></row>
			<!-- 2019-02-27 04:26:30 CST / 1551263190 --> <row><v>NaN</v><v>NaN</v></row>
			<!-- 2019-02-27 04:26:40 CST / 1551263200 --> <row><v>NaN</v><v>NaN</v></row>
			<!-- 2019-02-27 04:26:50 CST / 1551263210 --> <row><v>NaN</v><v>NaN</v></row>
			<!-- 2019-02-27 04:27:00 CST / 1551263220 --> <row><v>NaN</v><v>NaN</v></row>
			<!-- 2019-02-27 04:27:10 CST / 1551263230 --> <row><v>NaN</v><v>NaN</v></row>
			<!-- 2019-02-27 04:27:20 CST / 1551263240 --> <row><v>NaN</v><v>NaN</v></row>
			<!-- 2019-02-27 04:27:30 CST / 1551263250 --> <row><v>NaN</v><v>NaN</v></row>
			<!-- 2019-02-27 04:27:40 CST / 1551263260 --> <row><v>NaN</v><v>NaN</v></row>
			<!-- 2019-02-27 04:27:50 CST / 1551263270 --> <row><v>NaN</v><v>NaN</v></row>
			<!-- 2019-02-27 04:28:00 CST / 1551263280 --> <row><v>NaN</v><v>NaN</v></row>
			<!-- 2019-02-27 04:28:10 CST / 1551263290 --> <row><v>NaN</v><v>NaN</v></row>
			<!-- 2019-02-27 04:28:20 CST / 1551263300 --> <row><v>NaN</v><v>NaN</v></row>
			<!-- 2019-02-27 04:28:30 CST / 1551263310 --> <row><v>NaN</v><v>NaN</v></row>
			<!-- 2019-02-27 04:28:40 CST / 1551263320 --> <row><v>NaN</v><v>NaN</v></row>
			<!-- 2019-02-27 04:28:50 CST / 1551263330 --> <row><v>NaN</v><v>NaN</v></row>
			<!-- 2019-02-27 04:29:00 CST / 1551263340 --> <row><v>NaN</v><v>NaN</v></row>
			<!-- 2019-02-27 04:29:10 CST / 1551263350 --> <row><v>NaN</v><v>NaN</v></row>
			<!-- 2019-02-27 04:29:20 CST / 1551263360 --> <row><v>NaN</v><v>NaN</v></row>
			<!-- 2019-02-27 04:29:30 CST / 1551263370 --> <row><v>NaN</v><v>NaN</v></row>
			<!-- 2019-02-27 04:29:40 CST / 1551263380 --> <row><v>NaN</v><v>NaN</v></row>
			<!-- 2019-02-27 04:29:50 CST / 1551263390 --> <row><v>NaN</v><v>NaN</v></row>
			<!-- 2019-02-27 04:30:00 CST / 1551263400 --> <row><v>NaN</v><v>NaN</v></row>
			<!-- 2019-02-27 04:30:10 CST / 1551263410 --> <row><v>NaN</v><v>NaN</v></row>
			<!-- 2019-02-27 04:30:20 CST / 1551263420 --> <row><v>NaN</v><v>NaN</v></row>
			<!-- 2019-02-27 04:30:30 CST / 1551263430 --> <row><v>NaN</v><v>NaN</v></row>
			<!-- 2019-02-27 04:30:40 CST / 1551263440 --> <row><v>NaN</v><v>NaN</v></row>
			<!-- 2019-02-27 04:30:50 CST / 1551263450 --> <row><v>NaN</v><v>NaN</v></row>
			<!-- 2019-02-27 04:31:00 CST / 1551263460 --> <row><v>NaN</v><v>NaN</v></row>
			<!-- 2019-02-27 04:31:10 CST / 1551263470 --> <row><v>NaN</v><v>NaN</v></row>
			<!-- 2019-02-27 04:31:20 CST / 1551263480 --> <row><v>NaN</v><v>NaN</v></row>
			<!-- 2019-02-27 04:31:30 CST / 1551263490 --> <row><v>NaN</v><v>NaN</v></row>
			<!-- 2019-02-27 04:31:40 CST / 1551263500 --> <row><v>NaN</v><v>NaN</v></row>
			<!-- 2019-02-27 04:31:50 CST / 1551263510 --> <row><v>NaN</v><v>NaN</v></row>
			<!-- 2019-02-27 04:32:00 CST / 1551263520 --> <row><v>NaN</v><v>NaN</v></row>
			<!-- 2019-02-27 04:32:10 CST / 1551263530 --> <row><v>NaN</v><v>NaN</v></row>
			<!-- 2019-02-27 04:32:20 CST / 1551263540 --> <row><v>NaN</v><v>NaN</v></row>
			<!-- 2019-02-27 04:32:30 CST / 1551263550 --> <row><v>NaN</v><v>NaN</v></row>
			<!-- 2019-02-27 04:32:40 CST / 1551263560 --> <row><v>NaN</v><v>NaN</v></row>
			<!-- 2019-02-27 04:32:50 CST / 1551263570 --> <row><v>NaN</v><v>NaN</v></row>
			<!-- 2019-02-27 04:33:00 CST / 1551263580 --> <row><v>NaN</v><v>NaN</v></row>
			<!-- 2019-02-27 04:33:10 CST / 1551263590 --> <row><v>NaN</v><v>NaN</v></row>
			<!-- 2019-02-27 04:33:20 CST / 1551263600 --> <row><v>NaN</v><v>NaN</v></row>
			<!-- 2019-02-27 04:33:30 CST / 1551263610 --> <row><v>NaN</v><v>NaN</v></row>
			<!-- 2019-02-27 04:33:40 CST / 1551263620 --> <row><v>NaN</v><v>NaN</v></row>
			<!-- 2019-02-27 04:33:50 CST / 1551263630 --> <row><v>NaN</v><v>NaN</v></row>
			<!-- 2019-02-27 04:34:00 CST / 1551263640 --> <row><v>NaN</v><v>NaN</v></row>
			<!-- 2019-02-27 04:34:10 CST / 1551263650 --> <row><v>NaN</v><v>NaN</v></row>
			<!-- 2019-02-27 04:34:20 CST / 1551263660 --> <row><v>NaN</v><v>NaN</v></row>
			<!-- 2019-02-27 04:34:30 CST / 1551263670 --> <row><v>NaN</v><v>NaN</v></row>
			<!-- 2019-02-27 04:34:40 CST / 1551263680 --> <row><v>NaN</v><v>NaN</v></row>
			<!-- 2019-02-27 04:34:50 CST / 1551263690 --> <row><v>NaN</v><v>NaN</v></row>
			<!-- 2019-02-27 04:35:00 CST / 1551263700 --> <row><v>NaN</v><v>NaN</v></row>
			<!-- 2019-02-27 04:35:10 CST / 1551263710 --> <row><v>NaN</v><v>NaN</v></row>
			<!-- 2019-02-27 04:35:20 CST / 1551263720 --> <row><v>NaN</v><v>NaN</v></row>
			<!-- 2019-02-27 04:35:30 CST / 1551263730 --> <row><v>NaN</v><v>NaN</v></row>
			<!-- 2019-02-27 04:35:40 CST / 1551263740 --> <row><v>NaN</v><v>NaN</v></row>
			<!-- 2019-02-27 04:35:50 CST / 1551263750 --> <row><v>NaN</v><v>NaN</v></row>
			<!-- 2019-02-27 04:36:00 CST / 1551263760 --> <row><v>NaN</v><v>NaN</v></row>
			<!-- 2019-02-27 04:36:10 CST / 1551263770 --> <row><v>NaN</v><v>NaN</v></row>
			<!-- 2019-02-27 04:36:20 CST / 1551263780 --> <row><v>NaN</v><v>NaN</v></row>
			<!-- 2019-02-27 04:36:30 CST / 1551263790 --> <row><v>NaN</v><v>NaN</v></row>
			<!-- 2019-02-27 04:36:40 CST / 1551263800 --> <row><v>NaN</v><v>NaN</v></row>
			<!-- 2019-02-27 04:36:50 CST / 1551263810 --> <row><v>NaN</v><v>NaN</v></row>
			<!-- 2019-02-27 04:37:00 CST / 1551263820 --> <row><v>NaN</v><v>NaN</v></row>
			<!-- 2019-02-27 04:37:10 CST / 1551263830 --> <row><v>NaN</v><v>NaN</v></row>
			<!-- 2019-02-27 04:37:20 CST / 1551263840 --> <row><v>NaN</v><v>NaN</v></row>
			<!-- 2019-02-27 04:37:30 CST / 1551263850 --> <row><v>NaN</v><v>NaN</v></row>
			<!-- 2019-02-27 04:37:40 CST / 1551263860 --> <row><v>NaN</v><v>NaN</v></row>
			<!-- 2019-02-27 04:37:50 CST / 1551263870 --> <row><v>NaN</v><v>NaN</v></row>
			<!-- 2019-02-27 04:38:00 CST / 1551263880 --> <row><v>NaN</v><v>NaN</v></row>
			<!-- 2019-02-27 04:38:10 CST / 1551263890 --> <row><v>NaN</v><v>NaN</v></row>
			<!-- 2019-02-27 04:38:20 CST / 1551263900 --> <row><v>NaN</v><v>NaN</v></row>
			<!-- 2019-02-27 04:38:30 CST / 1551263910 --> <row><v>NaN</v><v>NaN</v></row>
			<!-- 2019-02-27 04:38:40 CST / 1551263920 --> <row><v>NaN</v><v>NaN</v></row>
			<!-- 2019-02-27 04:38:50 CST / 1551263930 --> <row><v>NaN</v><v>NaN</v></row>
			<!-- 2019-02-27 04:39:00 CST / 1551263940 --> <row><v>NaN</v><v>NaN</v></row>
			<!-- 2019-02-27 04:39:10 CST / 1551263950 --> <row><v>NaN</v><v>NaN</v></row>
			<!-- 2019-02-27 04:39:20 CST / 1551263960 --> <row><v>NaN</v><v>NaN</v></row>
			<!-- 2019-02-27 04:39:30 CST / 1551263970 --> <row><v>NaN</v><v>NaN</v></row>
			<!-- 2019-02-27 04:39:40 CST / 1551263980 --> <row><v>NaN</v><v>NaN</v></row>
			<!-- 2019-02-27 04:39:50 CST / 1551263990 --> <row><v>NaN</v><v>NaN</v></row>
			<!-- 2019-02-27 04:40:00 CST / 1551264000 --> <row><v>NaN</v><v>NaN</v></row>
			<!-- 2019-02-27 04:40:10 CST / 1551264010 --> <row><v>NaN</v><v>NaN</v></row>
			<!-- 2019-02-27 04:40:20 CST / 1551264020 --> <row><v>NaN</v><v>NaN</v></row>
			<!-- 2019-02-27 04:40:30 CST / 1551264030 --> <row><v>NaN</v><v>NaN</v></row>
			<!-- 2019-02-27 04:40:40 CST / 1551264040 --> <row><v>NaN</v><v>NaN</v></row>
			<!-- 2019-02-27 04:40:50 CST / 1551264050 --> <row><v>NaN</v><v>NaN</v></row>
			<!-- 2019-02-27 04:41:00 CST / 1551264060 --> <row><v>NaN</v><v>NaN</v></row>
			<!-- 2019-02-27 04:41:10 CST / 1551264070 --> <row><v>NaN</v><v>NaN</v></row>
			<!-- 2019-02-27 04:41:20 CST / 1551264080 --> <row><v>NaN</v><v>NaN</v></row>
			<!-- 2019-02-27 04:41:30 CST / 1551264090 --> <row><v>NaN</v><v>NaN</v></row>
			<!-- 2019-02-27 04:41:40 CST / 1551264100 --> <row><v>NaN</v><v>NaN</v></row>
			<!-- 2019-02-27 04:41:50 CST / 1551264110 --> <row><v>NaN</v><v>NaN</v></row>
			<!-- 2019-02-27 04:42:00 CST / 1551264120 --> <row><v>NaN</v><v>NaN</v></row>
			<!-- 2019-02-27 04:42:10 CST / 1551264130 --> <row><v>NaN</v><v>NaN</v></row>
			<!-- 2019-02-27 04:42:20 CST / 1551264140 --> <row><v>NaN</v><v>NaN</v></row>
			<!-- 2019-02-27 04:42:30 CST / 1551264150 --> <row><v>NaN</v><v>NaN</v></row>
			<!-- 2019-02-27 04:42:40 CST / 1551264160 --> <row><v>NaN</v><v>NaN</v></row>
			<!-- 2019-02-27 04:42:50 CST / 1551264170 --> <row><v>NaN</v><v>NaN</v></row>
			<!-- 2019-02-27 04:43:00 CST / 1551264180 --> <row><v>NaN</v><v>NaN</v></row>
			<!-- 2019-02-27 04:43:10 CST / 1551264190 --> <row><v>NaN</v><v>NaN</v></row>
			<!-- 2019-02-27 04:43:20 CST / 1551264200 --> <row><v>NaN</v><v>NaN</v></row>
			<!-- 2019-02-27 04:43:30 CST / 1551264210 --> <row><v>NaN</v><v>NaN</v></row>
			<!-- 2019-02-27 04:43:40 CST / 1551264220 --> <row><v>NaN</v><v>NaN</v></row>
			<!-- 2019-02-27 04:43:50 CST / 1551264230 --> <row><v>NaN</v><v>NaN</v></row>
			<!-- 2019-02-27 04:44:00 CST / 1551264240 --> <row><v>NaN</v><v>NaN</v></row>
			<!-- 2019-02-27 04:44:10 CST / 1551264250 --> <row><v>NaN</v><v>NaN</v></row>
			<!-- 2019-02-27 04:44:20 CST / 1551264260 --> <row><v>NaN</v><v>NaN</v></row>
			<!-- 2019-02-27 04:44:30 CST / 1551264270 --> <row><v>NaN</v><v>NaN</v></row>
			<!-- 2019-02-27 04:44:40 CST / 1551264280 --> <row><v>NaN</v><v>NaN</v></row>
			<!-- 2019-02-27 04:44:50 CST / 1551264290 --> <row><v>NaN</v><v>NaN</v></row>
			<!-- 2019-02-27 04:45:00 CST / 1551264300 --> <row><v>NaN</v><v>NaN</v></row>
			<!-- 2019-02-27 04:45:10 CST / 1551264310 --> <row><v>NaN</v><v>NaN</v></row>
			<!-- 2019-02-27 04:45:20 CST / 1551264320 --> <row><v>NaN</v><v>NaN</v></row>
			<!-- 2019-02-27 04:45:30 CST / 1551264330 --> <row><v>NaN</v><v>NaN</v></row>
			<!-- 2019-02-27 04:45:40 CST / 1551264340 --> <row><v>NaN</v><v>NaN</v></row>
			<!-- 2019-02-27 04:45:50 CST / 1551264350 --> <row><v>NaN</v><v>NaN</v></row>
			<!-- 2019-02-27 04:46:00 CST / 1551264360 --> <row><v>NaN</v><v>NaN</v></row>
			<!-- 2019-02-27 04:46:10 CST / 1551264370 --> <row><v>NaN</v><v>NaN</v></row>
			<!-- 2019-02-27 04:46:20 CST / 1551264380 --> <row><v>NaN</v><v>NaN</v></row>
			<!-- 2019-02-27 04:46:30 CST / 1551264390 --> <row><v>NaN</v><v>NaN</v></row>
			<!-- 2019-02-27 04:46:40 CST / 1551264400 --> <row><v>NaN</v><v>NaN</v></row>
			<!-- 2019-02-27 04:46:50 CST / 1551264410 --> <row><v>NaN</v><v>NaN</v></row>
			<!-- 2019-02-27 04:47:00 CST / 1551264420 --> <row><v>NaN</v><v>NaN</v></row>
			<!-- 2019-02-27 04:47:10 CST / 1551264430 --> <row><v>NaN</v><v>NaN</v></row>
			<!-- 2019-02-27 04:47:20 CST / 1551264440 --> <row><v>NaN</v><v>NaN</v></row>
			<!-- 2019-02-27 04:47:30 CST / 1551264450 --> <row><v>NaN</v><v>NaN</v></row>
			<!-- 2019-02-27 04:47:40 CST / 1551264460 --> <row><v>NaN</v><v>NaN</v></row>
			<!-- 2019-02-27 04:47:50 CST / 1551264470 --> <row><v>NaN</v><v>NaN</v></row>
			<!-- 2019-02-27 04:48:00 CST / 1551264480 --> <row><v>NaN</v><v>NaN</v></row>
			<!-- 2019-02-27 04:48:10 CST / 1551264490 --> <row><v>NaN</v><v>NaN</v></row>
			<!-- 2019-02-27 04:48:20 CST / 1551264500 --> <row><v>NaN</v><v>NaN</v></row>
			<!-- 2019-02-27 04:48:30 CST / 1551264510 --> <row><v>NaN</v><v>NaN</v></row>
			<!-- 2019-02-27 04:48:40 CST / 1551264520 --> <row><v>NaN</v><v>NaN</v></row>
			<!-- 2019-02-27 04:48:50 CST / 1551264530 --> <row><v>NaN</v><v>NaN</v></row>
			<!-- 2019-02-27 04:49:00 CST / 1551264540 --> <row><v>NaN</v><v>NaN</v></row>
			<!-- 2019-02-27 04:49:10 CST / 1551264550 --> <row><v>NaN</v><v>NaN</v></row>
			<!-- 2019-02-27 04:49:20 CST / 1551264560 --> <row><v>NaN</v><v>NaN</v></row>
			<!-- 2019-02-27 04:49:30 CST / 1551264570 --> <row><v>NaN</v><v>NaN</v></row>
			<!-- 2019-02-27 04:49:40 CST / 1551264580 --> <row><v>NaN</v><v>NaN</v></row>
			<!-- 2019-02-27 04:49:50 CST / 1551264590 --> <row><v>NaN</v><v>NaN</v></row>
			<!-- 2019-02-27 04:50:00 CST / 1551264600 --> <row><v>NaN</v><v>NaN</v></row>
			<!-- 2019-02-27 04:50:10 CST / 1551264610 --> <row><v>NaN</v><v>NaN</v></row>
			<!-- 2019-02-27 04:50:20 CST / 1551264620 --> <row><v>NaN</v><v>NaN</v></row>
			<!-- 2019-02-27 04:50:30 CST / 1551264630 --> <row><v>NaN</v><v>NaN</v></row>
			<!-- 2019-02-27 04:50:40 CST / 1551264640 --> <row><v>NaN</v><v>NaN</v></row>
			<!-- 2019-02-27 04:50:50 CST / 1551264650 --> <row><v>NaN</v><v>NaN</v></row>
			<!-- 2019-02-27 04:51:00 CST / 1551264660 --> <row><v>NaN</v><v>NaN</v></row>
			<!-- 2019-02-27 04:51:10 CST / 1551264670 --> <row><v>NaN</v><v>NaN</v></row>
			<!-- 2019-02-27 04:51:20 CST / 1551264680 --> <row><v>NaN</v><v>NaN</v></row>
			<!-- 2019-02-27 04:51:30 CST / 1551264690 --> <row><v>NaN</v><v>NaN</v></row>
			<!-- 2019-02-27 04:51:40 CST / 1551264700 --> <row><v>NaN</v><v>NaN</v></row>
			<!-- 2019-02-27 04:51:50 CST / 1551264710 --> <row><v>NaN</v><v>NaN</v></row>
			<!-- 2019-02-27 04:52:00 CST / 1551264720 --> <row><v>NaN</v><v>NaN</v></row>
			<!-- 2019-02-27 04:52:10 CST / 1551264730 --> <row><v>NaN</v><v>NaN</v></row>
			<!-- 2019-02-27 04:52:20 CST / 1551264740 --> <row><v>NaN</v><v>NaN</v></row>
			<!-- 2019-02-27 04:52:30 CST / 1551264750 --> <row><v>NaN</v><v>NaN</v></row>
			<!-- 2019-02-27 04:52:40 CST / 1551264760 --> <row><v>NaN</v><v>NaN</v></row>
			<!-- 2019-02-27 04:52:50 CST / 1551264770 --> <row><v>NaN</v><v>NaN</v></row>
			<!-- 2019-02-27 04:53:00 CST / 1551264780 --> <row><v>NaN</v><v>NaN</v></row>
			<!-- 2019-02-27 04:53:10 CST / 1551264790 --> <row><v>NaN</v><v>NaN</v></row>
			<!-- 2019-02-27 04:53:20 CST / 1551264800 --> <row><v>NaN</v><v>NaN</v></row>
			<!-- 2019-02-27 04:53:30 CST / 1551264810 --> <row><v>NaN</v><v>NaN</v></row>
			<!-- 2019-02-27 04:53:40 CST / 1551264820 --> <row><v>NaN</v><v>NaN</v></row>
			<!-- 2019-02-27 04:53:50 CST / 1551264830 --> <row><v>NaN</v><v>NaN</v></row>
			<!-- 2019-02-27 04:54:00 CST / 1551264840 --> <row><v>NaN</v><v>NaN</v></row>
			<!-- 2019-02-27 04:54:10 CST / 1551264850 --> <row><v>NaN</v><v>NaN</v></row>
			<!-- 2019-02-27 04:54:20 CST / 1551264860 --> <row><v>NaN</v><v>NaN</v></row>
			<!-- 2019-02-27 04:54:30 CST / 1551264870 --> <row><v>NaN</v><v>NaN</v></row>
			<!-- 2019-02-27 04:54:40 CST / 1551264880 --> <row><v>NaN</v><v>NaN</v></row>
			<!-- 2019-02-27 04:54:50 CST / 1551264890 --> <row><v>NaN</v><v>NaN</v></row>
			<!-- 2019-02-27 04:55:00 CST / 1551264900 --> <row><v>NaN</v><v>NaN</v></row>
			<!-- 2019-02-27 04:55:10 CST / 1551264910 --> <row><v>NaN</v><v>NaN</v></row>
			<!-- 2019-02-27 04:55:20 CST / 1551264920 --> <row><v>NaN</v><v>NaN</v></row>
			<!-- 2019-02-27 04:55:30 CST / 1551264930 --> <row><v>NaN</v><v>NaN</v></row>
			<!-- 2019-02-27 04:55:40 CST / 1551264940 --> <row><v>NaN</v><v>NaN</v></row>
			<!-- 2019-02-27 04:55:50 CST / 1551264950 --> <row><v>NaN</v><v>NaN</v></row>
			<!-- 2019-02-27 04:56:00 CST / 1551264960 --> <row><v>NaN</v><v>NaN</v></row>
			<!-- 2019-02-27 04:56:10 CST / 1551264970 --> <row><v>NaN</v><v>NaN</v></row>
			<!-- 2019-02-27 04:56:20 CST / 1551264980 --> <row><v>NaN</v><v>NaN</v></row>
			<!-- 2019-02-27 04:56:30 CST / 1551264990 --> <row><v>NaN</v><v>NaN</v></row>
			<!-- 2019-02-27 04:56:40 CST / 1551265000 --> <row><v>NaN</v><v>NaN</v></row>
			<!-- 2019-02-27 04:56:50 CST / 1551265010 --> <row><v>NaN</v><v>NaN</v></row>
			<!-- 2019-02-27 04:57:00 CST / 1551265020 --> <row><v>NaN</v><v>NaN</v></row>
			<!-- 2019-02-27 04:57:10 CST / 1551265030 --> <row><v>NaN</v><v>NaN</v></row>
			<!-- 2019-02-27 04:57:20 CST / 1551265040 --> <row><v>NaN</v><v>NaN</v></row>
			<!-- 2019-02-27 04:57:30 CST / 1551265050 --> <row><v>NaN</v><v>NaN</v></row>
			<!-- 2019-02-27 04:57:40 CST / 1551265060 --> <row><v>NaN</v><v>NaN</v></row>
			<!-- 2019-02-27 04:57:50 CST / 1551265070 --> <row><v>NaN</v><v>NaN</v></row>
			<!-- 2019-02-27 04:58:00 CST / 1551265080 --> <row><v>NaN</v><v>NaN</v></row>
			<!-- 2019-02-27 04:58:10 CST / 1551265090 --> <row><v>NaN</v><v>NaN</v></row>
			<!-- 2019-02-27 04:58:20 CST / 1551265100 --> <row><v>NaN</v><v>NaN</v></row>
			<!-- 2019-02-27 04:58:30 CST / 1551265110 --> <row><v>NaN</v><v>NaN</v></row>
			<!-- 2019-02-27 04:58:40 CST / 1551265120 --> <row><v>NaN</v><v>NaN</v></row>
			<!-- 2019-02-27 04:58:50 CST / 1551265130 --> <row><v>NaN</v><v>NaN</v></row>
			<!-- 2019-02-27 04:59:00 CST / 1551265140 --> <row><v>NaN</v><v>NaN</v></row>
			<!-- 2019-02-27 04:59:10 CST / 1551265150 --> <row><v>NaN</v><v>NaN</v></row>
			<!-- 2019-02-27 04:59:20 CST / 1551265160 --> <row><v>NaN</v><v>NaN</v></row>
			<!-- 2019-02-27 04:59:30 CST / 1551265170 --> <row><v>NaN</v><v>NaN</v></row>
			<!-- 2019-02-27 04:59:40 CST / 1551265180 --> <row><v>NaN</v><v>NaN</v></row>
			<!-- 2019-02-27 04:59:50 CST / 1551265190 --> <row><v>NaN</v><v>NaN</v></row>
			<!-- 2019-02-27 05:00:00 CST / 1551265200 --> <row><v>NaN</v><v>NaN</v></row>
			<!-- 2019-02-27 05:00:10 CST / 1551265210 --> <row><v>NaN</v><v>NaN</v></row>
			<!-- 2019-02-27 05:00:20 CST / 1551265220 --> <row><v>NaN</v><v>NaN</v></row>
			<!-- 2019-02-27 05:00:30 CST / 1551265230 --> <row><v>NaN</v><v>NaN</v></row>
			<!-- 2019-02-27 05:00:40 CST / 1551265240 --> <row><v>NaN</v><v>NaN</v></row>
			<!-- 2019-02-27 05:00:50 CST / 1551265250 --> <row><v>NaN</v><v>NaN</v></row>
			<!-- 2019-02-27 05:01:00 CST / 1551265260 --> <row><v>NaN</v><v>NaN</v></row>
			<!-- 2019-02-27 05:01:10 CST / 1551265270 --> <row><v>NaN</v><v>NaN</v></row>
			<!-- 2019-02-27 05:01:20 CST / 1551265280 --> <row><v>NaN</v><v>NaN</v></row>
			<!-- 2019-02-27 05:01:30 CST / 1551265290 --> <row><v>NaN</v><v>NaN</v></row>
			<!-- 2019-02-27 05:01:40 CST / 1551265300 --> <row><v>NaN</v><v>NaN</v></row>
			<!-- 2019-02-27 05:01:50 CST / 1551265310 --> <row><v>NaN</v><v>NaN</v></row>
			<!-- 2019-02-27 05:02:00 CST / 1551265320 --> <row><v>NaN</v><v>NaN</v></row>
			<!-- 2019-02-27 05:02:10 CST / 1551265330 --> <row><v>NaN</v><v>NaN</v></row>
			<!-- 2019-02-27 05:02:20 CST / 1551265340 --> <row><v>NaN</v><v>NaN</v></row>
			<!-- 2019-02-27 05:02:30 CST / 1551265350 --> <row><v>NaN</v><v>NaN</v></row>
			<!-- 2019-02-27 05:02:40 CST / 1551265360 --> <row><v>NaN</v><v>NaN</v></row>
			<!-- 2019-02-27 05:02:50 CST / 1551265370 --> <row><v>NaN</v><v>NaN</v></row>
			<!-- 2019-02-27 05:03:00 CST / 1551265380 --> <row><v>NaN</v><v>NaN</v></row>
			<!-- 2019-02-27 05:03:10 CST / 1551265390 --> <row><v>NaN</v><v>NaN</v></row>
			<!-- 2019-02-27 05:03:20 CST / 1551265400 --> <row><v>NaN</v><v>NaN</v></row>
			<!-- 2019-02-27 05:03:30 CST / 1551265410 --> <row><v>NaN</v><v>NaN</v></row>
			<!-- 2019-02-27 05:03:40 CST / 1551265420 --> <row><v>NaN</v><v>NaN</v></row>
			<!-- 2019-02-27 05:03:50 CST / 1551265430 --> <row><v>NaN</v><v>NaN</v></row>
			<!-- 2019-02-27 05:04:00 CST / 1551265440 --> <row><v>NaN</v><v>NaN</v></row>
			<!-- 2019-02-27 05:04:10 CST / 1551265450 --> <row><v>NaN</v><v>NaN</v></row>
			<!-- 2019-02-27 05:04:20 CST / 1551265460 --> <row><v>NaN</v><v>NaN</v></row>
			<!-- 2019-02-27 05:04:30 CST / 1551265470 --> <row><v>NaN</v><v>NaN</v></row>
			<!-- 2019-02-27 05:04:40 CST / 1551265480 --> <row><v>NaN</v><v>NaN</v></row>
			<!-- 2019-02-27 05:04:50 CST / 1551265490 --> <row><v>NaN</v><v>NaN</v></row>
			<!-- 2019-02-27 05:05:00 CST / 1551265500 --> <row><v>NaN</v><v>NaN</v></row>
			<!-- 2019-02-27 05:05:10 CST / 1551265510 --> <row><v>NaN</v><v>NaN</v></row>
			<!-- 2019-02-27 05:05:20 CST / 1551265520 --> <row><v>NaN</v><v>NaN</v></row>
			<!-- 2019-02-27 05:05:30 CST / 1551265530 --> <row><v>NaN</v><v>NaN</v></row>
			<!-- 2019-02-27 05:05:40 CST / 1551265540 --> <row><v>NaN</v><v>NaN</v></row>
			<!-- 2019-02-27 05:05:50 CST / 1551265550 --> <row><v>NaN</v><v>NaN</v></row>
			<!-- 2019-02-27 05:06:00 CST / 1551265560 --> <row><v>NaN</v><v>NaN</v></row>
			<!-- 2019-02-27 05:06:10 CST / 1551265570 --> <row><v>NaN</v><v>NaN</v></row>
			<!-- 2019-02-27 05:06:20 CST / 1551265580 --> <row><v>NaN</v><v>NaN</v></row>
			<!-- 2019-02-27 05:06:30 CST / 1551265590 --> <row><v>NaN</v><v>NaN</v></row>
			<!-- 2019-02-27 05:06:40 CST / 1551265600 --> <row><v>NaN</v><v>NaN</v></row>
			<!-- 2019-02-27 05:06:50 CST / 1551265610 --> <row><v>NaN</v><v>NaN</v></row>
			<!-- 2019-02-27 05:07:00 CST / 1551265620 --> <row><v>NaN</v><v>NaN</v></row>
			<!-- 2019-02-27 05:07:10 CST / 1551265630 --> <row><v>NaN</v><v>NaN</v></row>
			<!-- 2019-02-27 05:07:20 CST / 1551265640 --> <row><v>NaN</v><v>NaN</v></row>
			<!-- 2019-02-27 05:07:30 CST / 1551265650 --> <row><v>NaN</v><v>NaN</v></row>
			<!-- 2019-02-27 05:07:40 CST / 1551265660 --> <row><v>NaN</v><v>NaN</v></row>
			<!-- 2019-02-27 05:07:50 CST / 1551265670 --> <row><v>NaN</v><v>NaN</v></row>
			<!-- 2019-02-27 05:08:00 CST / 1551265680 --> <row><v>NaN</v><v>NaN</v></row>
			<!-- 2019-02-27 05:08:10 CST / 1551265690 --> <row><v>NaN</v><v>NaN</v></row>
			<!-- 2019-02-27 05:08:20 CST / 1551265700 --> <row><v>NaN</v><v>NaN</v></row>
			<!-- 2019-02-27 05:08:30 CST / 1551265710 --> <row><v>NaN</v><v>NaN</v></row>
			<!-- 2019-02-27 05:08:40 CST / 1551265720 --> <row><v>NaN</v><v>NaN</v></row>
			<!-- 2019-02-27 05:08:50 CST / 1551265730 --> <row><v>NaN</v><v>NaN</v></row>
			<!-- 2019-02-27 05:09:00 CST / 1551265740 --> <row><v>NaN</v><v>NaN</v></row>
			<!-- 2019-02-27 05:09:10 CST / 1551265750 --> <row><v>NaN</v><v>NaN</v></row>
			<!-- 2019-02-27 05:09:20 CST / 1551265760 --> <row><v>NaN</v><v>NaN</v></row>
			<!-- 2019-02-27 05:09:30 CST / 1551265770 --> <row><v>NaN</v><v>NaN</v></row>
			<!-- 2019-02-27 05:09:40 CST / 1551265780 --> <row><v>NaN</v><v>NaN</v></row>
			<!-- 2019-02-27 05:09:50 CST / 1551265790 --> <row><v>NaN</v><v>NaN</v></row>
			<!-- 2019-02-27 05:10:00 CST / 1551265800 --> <row><v>NaN</v><v>NaN</v></row>
			<!-- 2019-02-27 05:10:10 CST / 1551265810 --> <row><v>NaN</v><v>NaN</v></row>
			<!-- 2019-02-27 05:10:20 CST / 1551265820 --> <row><v>NaN</v><v>NaN</v></row>
			<!-- 2019-02-27 05:10:30 CST / 1551265830 --> <row><v>NaN</v><v>NaN</v></row>
			<!-- 2019-02-27 05:10:40 CST / 1551265840 --> <row><v>NaN</v><v>NaN</v></row>
			<!-- 2019-02-27 05:10:50 CST / 1551265850 --> <row><v>NaN</v><v>NaN</v></row>
			<!-- 2019-02-27 05:11:00 CST / 1551265860 --> <row><v>NaN</v><v>NaN</v></row>
			<!-- 2019-02-27 05:11:10 CST / 1551265870 --> <row><v>NaN</v><v>NaN</v></row>
			<!-- 2019-02-27 05:11:20 CST / 1551265880 --> <row><v>NaN</v><v>NaN</v></row>
			<!-- 2019-02-27 05:11:30 CST / 1551265890 --> <row><v>NaN</v><v>NaN</v></row>
			<!-- 2019-02-27 05:11:40 CST / 1551265900 --> <row><v>NaN</v><v>NaN</v></row>
			<!-- 2019-02-27 05:11:50 CST / 1551265910 --> <row><v>NaN</v><v>NaN</v></row>
			<!-- 2019-02-27 05:12:00 CST / 1551265920 --> <row><v>NaN</v><v>NaN</v></row>
			<!-- 2019-02-27 05:12:10 CST / 1551265930 --> <row><v>NaN</v><v>NaN</v></row>
			<!-- 2019-02-27 05:12:20 CST / 1551265940 --> <row><v>NaN</v><v>NaN</v></row>
			<!-- 2019-02-27 05:12:30 CST / 1551265950 --> <row><v>NaN</v><v>NaN</v></row>
			<!-- 2019-02-27 05:12:40 CST / 1551265960 --> <row><v>NaN</v><v>NaN</v></row>
			<!-- 2019-02-27 05:12:50 CST / 1551265970 --> <row><v>NaN</v><v>NaN</v></row>
			<!-- 2019-02-27 05:13:00 CST / 1551265980 --> <row><v>NaN</v><v>NaN</v></row>
			<!-- 2019-02-27 05:13:10 CST / 1551265990 --> <row><v>NaN</v><v>NaN</v></row>
			<!-- 2019-02-27 05:13:20 CST / 1551266000 --> <row><v>NaN</v><v>NaN</v></row>
			<!-- 2019-02-27 05:13:30 CST / 1551266010 --> <row><v>NaN</v><v>NaN</v></row>
			<!-- 2019-02-27 05:13:40 CST / 1551266020 --> <row><v>NaN</v><v>NaN</v></row>
			<!-- 2019-02-27 05:13:50 CST / 1551266030 --> <row><v>NaN</v><v>NaN</v></row>
			<!-- 2019-02-27 05:14:00 CST / 1551266040 --> <row><v>NaN</v><v>NaN</v></row>
			<!-- 2019-02-27 05:14:10 CST / 1551266050 --> <row><v>NaN</v><v>NaN</v></row>
			<!-- 2019-02-27 05:14:20 CST / 1551266060 --> <row><v>NaN</v><v>NaN</v></row>
			<!-- 2019-02-27 05:14:30 CST / 1551266070 --> <row><v>NaN</v><v>NaN</v></row>
			<!-- 2019-02-27 05:14:40 CST / 1551266080 --> <row><v>NaN</v><v>NaN</v></row>
			<!-- 2019-02-27 05:14:50 CST / 1551266090 --> <row><v>NaN</v><v>NaN</v></row>
			<!-- 2019-02-27 05:15:00 CST / 1551266100 --> <row><v>NaN</v><v>NaN</v></row>
			<!-- 2019-02-27 05:15:10 CST / 1551266110 --> <row><v>NaN</v><v>NaN</v></row>
			<!-- 2019-02-27 05:15:20 CST / 1551266120 --> <row><v>NaN</v><v>NaN</v></row>
			<!-- 2019-02-27 05:15:30 CST / 1551266130 --> <row><v>NaN</v><v>NaN</v></row>
			<!-- 2019-02-27 05:15:40 CST / 1551266140 --> <row><v>NaN</v><v>NaN</v></row>
			<!-- 2019-02-27 05:15:50 CST / 1551266150 --> <row><v>NaN</v><v>NaN</v></row>
			<!-- 2019-02-27 05:16:00 CST / 1551266160 --> <row><v>NaN</v><v>NaN</v></row>
			<!-- 2019-02-27 05:16:10 CST / 1551266170 --> <row><v>NaN</v><v>NaN</v></row>
			<!-- 2019-02-27 05:16:20 CST / 1551266180 --> <row><v>NaN</v><v>NaN</v></row>
			<!-- 2019-02-27 05:16:30 CST / 1551266190 --> <row><v>NaN</v><v>NaN</v></row>
			<!-- 2019-02-27 05:16:40 CST / 1551266200 --> <row><v>NaN</v><v>NaN</v></row>
			<!-- 2019-02-27 05:16:50 CST / 1551266210 --> <row><v>NaN</v><v>NaN</v></row>
			<!-- 2019-02-27 05:17:00 CST / 1551266220 --> <row><v>NaN</v><v>NaN</v></row>
			<!-- 2019-02-27 05:17:10 CST / 1551266230 --> <row><v>NaN</v><v>NaN</v></row>
			<!-- 2019-02-27 05:17:20 CST / 1551266240 --> <row><v>NaN</v><v>NaN</v></row>
			<!-- 2019-02-27 05:17:30 CST / 1551266250 --> <row><v>NaN</v><v>NaN</v></row>
			<!-- 2019-02-27 05:17:40 CST / 1551266260 --> <row><v>NaN</v><v>NaN</v></row>
			<!-- 2019-02-27 05:17:50 CST / 1551266270 --> <row><v>NaN</v><v>NaN</v></row>
			<!-- 2019-02-27 05:18:00 CST / 1551266280 --> <row><v>NaN</v><v>NaN</v></row>
			<!-- 2019-02-27 05:18:10 CST / 1551266290 --> <row><v>NaN</v><v>NaN</v></row>
			<!-- 2019-02-27 05:18:20 CST / 1551266300 --> <row><v>NaN</v><v>NaN</v></row>
			<!-- 2019-02-27 05:18:30 CST / 1551266310 --> <row><v>NaN</v><v>NaN</v></row>
			<!-- 2019-02-27 05:18:40 CST / 1551266320 --> <row><v>NaN</v><v>NaN</v></row>
			<!-- 2019-02-27 05:18:50 CST / 1551266330 --> <row><v>NaN</v><v>NaN</v></row>
			<!-- 2019-02-27 05:19:00 CST / 1551266340 --> <row><v>NaN</v><v>NaN</v></row>
			<!-- 2019-02-27 05:19:10 CST / 1551266350 --> <row><v>NaN</v><v>NaN</v></row>
			<!-- 2019-02-27 05:19:20 CST / 1551266360 --> <row><v>NaN</v><v>NaN</v></row>
			<!-- 2019-02-27 05:19:30 CST / 1551266370 --> <row><v>NaN</v><v>NaN</v></row>
			<!-- 2019-02-27 05:19:40 CST / 1551266380 --> <row><v>NaN</v><v>NaN</v></row>
			<!-- 2019-02-27 05:19:50 CST / 1551266390 --> <row><v>NaN</v><v>NaN</v></row>
			<!-- 2019-02-27 05:20:00 CST / 1551266400 --> <row><v>NaN</v><v>NaN</v></row>
			<!-- 2019-02-27 05:20:10 CST / 1551266410 --> <row><v>NaN</v><v>NaN</v></row>
			<!-- 2019-02-27 05:20:20 CST / 1551266420 --> <row><v>NaN</v><v>NaN</v></row>
			<!-- 2019-02-27 05:20:30 CST / 1551266430 --> <row><v>NaN</v><v>NaN</v></row>
			<!-- 2019-02-27 05:20:40 CST / 1551266440 --> <row><v>NaN</v><v>NaN</v></row>
			<!-- 2019-02-27 05:20:50 CST / 1551266450 --> <row><v>NaN</v><v>NaN</v></row>
			<!-- 2019-02-27 05:21:00 CST / 1551266460 --> <row><v>NaN</v><v>NaN</v></row>
			<!-- 2019-02-27 05:21:10 CST / 1551266470 --> <row><v>NaN</v><v>NaN</v></row>
			<!-- 2019-02-27 05:21:20 CST / 1551266480 --> <row><v>NaN</v><v>NaN</v></row>
			<!-- 2019-02-27 05:21:30 CST / 1551266490 --> <row><v>NaN</v><v>NaN</v></row>
			<!-- 2019-02-27 05:21:40 CST / 1551266500 --> <row><v>NaN</v><v>NaN</v></row>
			<!-- 2019-02-27 05:21:50 CST / 1551266510 --> <row><v>NaN</v><v>NaN</v></row>
			<!-- 2019-02-27 05:22:00 CST / 1551266520 --> <row><v>NaN</v><v>NaN</v></row>
			<!-- 2019-02-27 05:22:10 CST / 1551266530 --> <row><v>NaN</v><v>NaN</v></row>
			<!-- 2019-02-27 05:22:20 CST / 1551266540 --> <row><v>NaN</v><v>NaN</v></row>
			<!-- 2019-02-27 05:22:30 CST / 1551266550 --> <row><v>NaN</v><v>NaN</v></row>
			<!-- 2019-02-27 05:22:40 CST / 1551266560 --> <row><v>NaN</v><v>NaN</v></row>
			<!-- 2019-02-27 05:22:50 CST / 1551266570 --> <row><v>NaN</v><v>NaN</v></row>
			<!-- 2019-02-27 05:23:00 CST / 1551266580 --> <row><v>NaN</v><v>NaN</v></row>
			<!-- 2019-02-27 05:23:10 CST / 1551266590 --> <row><v>NaN</v><v>NaN</v></row>
			<!-- 2019-02-27 05:23:20 CST / 1551266600 --> <row><v>NaN</v><v>NaN</v></row>
			<!-- 2019-02-27 05:23:30 CST / 1551266610 --> <row><v>NaN</v><v>NaN</v></row>
			<!-- 2019-02-27 05:23:40 CST / 1551266620 --> <row><v>NaN</v><v>NaN</v></row>
			<!-- 2019-02-27 05:23:50 CST / 1551266630 --> <row><v>NaN</v><v>NaN</v></row>
			<!-- 2019-02-27 05:24:00 CST / 1551266640 --> <row><v>NaN</v><v>NaN</v></row>
			<!-- 2019-02-27 05:24:10 CST / 1551266650 --> <row><v>NaN</v><v>NaN</v></row>
			<!-- 2019-02-27 05:24:20 CST / 1551266660 --> <row><v>NaN</v><v>NaN</v></row>
			<!-- 2019-02-27 05:24:30 CST / 1551266670 --> <row><v>NaN</v><v>NaN</v></row>
			<!-- 2019-02-27 05:24:40 CST / 1551266680 --> <row><v>NaN</v><v>NaN</v></row>
			<!-- 2019-02-27 05:24:50 CST / 1551266690 --> <row><v>NaN</v><v>NaN</v></row>
			<!-- 2019-02-27 05:25:00 CST / 1551266700 --> <row><v>NaN</v><v>NaN</v></row>
			<!-- 2019-02-27 05:25:10 CST / 1551266710 --> <row><v>NaN</v><v>NaN</v></row>
			<!-- 2019-02-27 05:25:20 CST / 1551266720 --> <row><v>NaN</v><v>NaN</v></row>
			<!-- 2019-02-27 05:25:30 CST / 1551266730 --> <row><v>NaN</v><v>NaN</v></row>
			<!-- 2019-02-27 05:25:40 CST / 1551266740 --> <row><v>NaN</v><v>NaN</v></row>
			<!-- 2019-02-27 05:25:50 CST / 1551266750 --> <row><v>NaN</v><v>NaN</v></row>
			<!-- 2019-02-27 05:26:00 CST / 1551266760 --> <row><v>NaN</v><v>NaN</v></row>
			<!-- 2019-02-27 05:26:10 CST / 1551266770 --> <row><v>NaN</v><v>NaN</v></row>
			<!-- 2019-02-27 05:26:20 CST / 1551266780 --> <row><v>NaN</v><v>NaN</v></row>
			<!-- 2019-02-27 05:26:30 CST / 1551266790 --> <row><v>NaN</v><v>NaN</v></row>
			<!-- 2019-02-27 05:26:40 CST / 1551266800 --> <row><v>NaN</v><v>NaN</v></row>
			<!-- 2019-02-27 05:26:50 CST / 1551266810 --> <row><v>NaN</v><v>NaN</v></row>
			<!-- 2019-02-27 05:27:00 CST / 1551266820 --> <row><v>NaN</v><v>NaN</v></row>
			<!-- 2019-02-27 05:27:10 CST / 1551266830 --> <row><v>NaN</v><v>NaN</v></row>
			<!-- 2019-02-27 05:27:20 CST / 1551266840 --> <row><v>NaN</v><v>NaN</v></row>
			<!-- 2019-02-27 05:27:30 CST / 1551266850 --> <row><v>NaN</v><v>NaN</v></row>
			<!-- 2019-02-27 05:27:40 CST / 1551266860 --> <row><v>NaN</v><v>NaN</v></row>
			<!-- 2019-02-27 05:27:50 CST / 1551266870 --> <row><v>NaN</v><v>NaN</v></row>
			<!-- 2019-02-27 05:28:00 CST / 1551266880 --> <row><v>NaN</v><v>NaN</v></row>
			<!-- 2019-02-27 05:28:10 CST / 1551266890 --> <row><v>NaN</v><v>NaN</v></row>
			<!-- 2019-02-27 05:28:20 CST / 1551266900 --> <row><v>NaN</v><v>NaN</v></row>
			<!-- 2019-02-27 05:28:30 CST / 1551266910 --> <row><v>NaN</v><v>NaN</v></row>
			<!-- 2019-02-27 05:28:40 CST / 1551266920 --> <row><v>NaN</v><v>NaN</v></row>
			<!-- 2019-02-27 05:28:50 CST / 1551266930 --> <row><v>NaN</v><v>NaN</v></row>
			<!-- 2019-02-27 05:29:00 CST / 1551266940 --> <row><v>NaN</v><v>NaN</v></row>
			<!-- 2019-02-27 05:29:10 CST / 1551266950 --> <row><v>NaN</v><v>NaN</v></row>
			<!-- 2019-02-27 05:29:20 CST / 1551266960 --> <row><v>NaN</v><v>NaN</v></row>
			<!-- 2019-02-27 05:29:30 CST / 1551266970 --> <row><v>NaN</v><v>NaN</v></row>
			<!-- 2019-02-27 05:29:40 CST / 1551266980 --> <row><v>NaN</v><v>NaN</v></row>
			<!-- 2019-02-27 05:29:50 CST / 1551266990 --> <row><v>NaN</v><v>NaN</v></row>
			<!-- 2019-02-27 05:30:00 CST / 1551267000 --> <row><v>NaN</v><v>NaN</v></row>
			<!-- 2019-02-27 05:30:10 CST / 1551267010 --> <row><v>NaN</v><v>NaN</v></row>
			<!-- 2019-02-27 05:30:20 CST / 1551267020 --> <row><v>NaN</v><v>NaN</v></row>
			<!-- 2019-02-27 05:30:30 CST / 1551267030 --> <row><v>NaN</v><v>NaN</v></row>
			<!-- 2019-02-27 05:30:40 CST / 1551267040 --> <row><v>NaN</v><v>NaN</v></row>
			<!-- 2019-02-27 05:30:50 CST / 1551267050 --> <row><v>NaN</v><v>NaN</v></row>
			<!-- 2019-02-27 05:31:00 CST / 1551267060 --> <row><v>NaN</v><v>NaN</v></row>
			<!-- 2019-02-27 05:31:10 CST / 1551267070 --> <row><v>NaN</v><v>NaN</v></row>
			<!-- 2019-02-27 05:31:20 CST / 1551267080 --> <row><v>NaN</v><v>NaN</v></row>
			<!-- 2019-02-27 05:31:30 CST / 1551267090 --> <row><v>NaN</v><v>NaN</v></row>
			<!-- 2019-02-27 05:31:40 CST / 1551267100 --> <row><v>NaN</v><v>NaN</v></row>
			<!-- 2019-02-27 05:31:50 CST / 1551267110 --> <row><v>NaN</v><v>NaN</v></row>
			<!-- 2019-02-27 05:32:00 CST / 1551267120 --> <row><v>NaN</v><v>NaN</v></row>
			<!-- 2019-02-27 05:32:10 CST / 1551267130 --> <row><v>NaN</v><v>NaN</v></row>
			<!-- 2019-02-27 05:32:20 CST / 1551267140 --> <row><v>NaN</v><v>NaN</v></row>
			<!-- 2019-02-27 05:32:30 CST / 1551267150 --> <row><v>NaN</v><v>NaN</v></row>
			<!-- 2019-02-27 05:32:40 CST / 1551267160 --> <row><v>NaN</v><v>NaN</v></row>
			<!-- 2019-02-27 05:32:50 CST / 1551267170 --> <row><v>NaN</v><v>NaN</v></row>
			<!-- 2019-02-27 05:33:00 CST / 1551267180 --> <row><v>NaN</v><v>NaN</v></row>
			<!-- 2019-02-27 05:33:10 CST / 1551267190 --> <row><v>NaN</v><v>NaN</v></row>
			<!-- 2019-02-27 05:33:20 CST / 1551267200 --> <row><v>NaN</v><v>NaN</v></row>
			<!-- 2019-02-27 05:33:30 CST / 1551267210 --> <row><v>NaN</v><v>NaN</v></row>
			<!-- 2019-02-27 05:33:40 CST / 1551267220 --> <row><v>NaN</v><v>NaN</v></row>
			<!-- 2019-02-27 05:33:50 CST / 1551267230 --> <row><v>NaN</v><v>NaN</v></row>
			<!-- 2019-02-27 05:34:00 CST / 1551267240 --> <row><v>NaN</v><v>NaN</v></row>
			<!-- 2019-02-27 05:34:10 CST / 1551267250 --> <row><v>NaN</v><v>NaN</v></row>
			<!-- 2019-02-27 05:34:20 CST / 1551267260 --> <row><v>NaN</v><v>NaN</v></row>
			<!-- 2019-02-27 05:34:30 CST / 1551267270 --> <row><v>NaN</v><v>NaN</v></row>
			<!-- 2019-02-27 05:34:40 CST / 1551267280 --> <row><v>NaN</v><v>NaN</v></row>
			<!-- 2019-02-27 05:34:50 CST / 1551267290 --> <row><v>NaN</v><v>NaN</v></row>
			<!-- 2019-02-27 05:35:00 CST / 1551267300 --> <row><v>NaN</v><v>NaN</v></row>
			<!-- 2019-02-27 05:35:10 CST / 1551267310 --> <row><v>NaN</v><v>NaN</v></row>
			<!-- 2019-02-27 05:35:20 CST / 1551267320 --> <row><v>NaN</v><v>NaN</v></row>
			<!-- 2019-02-27 05:35:30 CST / 1551267330 --> <row><v>NaN</v><v>NaN</v></row>
			<!-- 2019-02-27 05:35:40 CST / 1551267340 --> <row><v>NaN</v><v>NaN</v></row>
			<!-- 2019-02-27 05:35:50 CST / 1551267350 --> <row><v>NaN</v><v>NaN</v></row>
			<!-- 2019-02-27 05:36:00 CST / 1551267360 --> <row><v>NaN</v><v>NaN</v></row>
			<!-- 2019-02-27 05:36:10 CST / 1551267370 --> <row><v>NaN</v><v>NaN</v></row>
			<!-- 2019-02-27 05:36:20 CST / 1551267380 --> <row><v>NaN</v><v>NaN</v></row>
			<!-- 2019-02-27 05:36:30 CST / 1551267390 --> <row><v>NaN</v><v>NaN</v></row>
			<!-- 2019-02-27 05:36:40 CST / 1551267400 --> <row><v>NaN</v><v>NaN</v></row>
			<!-- 2019-02-27 05:36:50 CST / 1551267410 --> <row><v>NaN</v><v>NaN</v></row>
			<!-- 2019-02-27 05:37:00 CST / 1551267420 --> <row><v>NaN</v><v>NaN</v></row>
			<!-- 2019-02-27 05:37:10 CST / 1551267430 --> <row><v>NaN</v><v>NaN</v></row>
			<!-- 2019-02-27 05:37:20 CST / 1551267440 --> <row><v>NaN</v><v>NaN</v></row>
			<!-- 2019-02-27 05:37:30 CST / 1551267450 --> <row><v>NaN</v><v>NaN</v></row>
			<!-- 2019-02-27 05:37:40 CST / 1551267460 --> <row><v>NaN</v><v>NaN</v></row>
			<!-- 2019-02-27 05:37:50 CST / 1551267470 --> <row><v>NaN</v><v>NaN</v></row>
			<!-- 2019-02-27 05:38:00 CST / 1551267480 --> <row><v>NaN</v><v>NaN</v></row>
			<!-- 2019-02-27 05:38:10 CST / 1551267490 --> <row><v>NaN</v><v>NaN</v></row>
			<!-- 2019-02-27 05:38:20 CST / 1551267500 --> <row><v>NaN</v><v>NaN</v></row>
			<!-- 2019-02-27 05:38:30 CST / 1551267510 --> <row><v>NaN</v><v>NaN</v></row>
			<!-- 2019-02-27 05:38:40 CST / 1551267520 --> <row><v>NaN</v><v>NaN</v></row>
			<!-- 2019-02-27 05:38:50 CST / 1551267530 --> <row><v>NaN</v><v>NaN</v></row>
			<!-- 2019-02-27 05:39:00 CST / 1551267540 --> <row><v>NaN</v><v>NaN</v></row>
			<!-- 2019-02-27 05:39:10 CST / 1551267550 --> <row><v>NaN</v><v>NaN</v></row>
			<!-- 2019-02-27 05:39:20 CST / 1551267560 --> <row><v>NaN</v><v>NaN</v></row>
			<!-- 2019-02-27 05:39:30 CST / 1551267570 --> <row><v>NaN</v><v>NaN</v></row>
			<!-- 2019-02-27 05:39:40 CST / 1551267580 --> <row><v>NaN</v><v>NaN</v></row>
			<!-- 2019-02-27 05:39:50 CST / 1551267590 --> <row><v>NaN</v><v>NaN</v></row>
			<!-- 2019-02-27 05:40:00 CST / 1551267600 --> <row><v>NaN</v><v>NaN</v></row>
			<!-- 2019-02-27 05:40:10 CST / 1551267610 --> <row><v>NaN</v><v>NaN</v></row>
			<!-- 2019-02-27 05:40:20 CST / 1551267620 --> <row><v>NaN</v><v>NaN</v></row>
			<!-- 2019-02-27 05:40:30 CST / 1551267630 --> <row><v>NaN</v><v>NaN</v></row>
			<!-- 2019-02-27 05:40:40 CST / 1551267640 --> <row><v>NaN</v><v>NaN</v></row>
			<!-- 2019-02-27 05:40:50 CST / 1551267650 --> <row><v>NaN</v><v>NaN</v></row>
			<!-- 2019-02-27 05:41:00 CST / 1551267660 --> <row><v>NaN</v><v>NaN</v></row>
			<!-- 2019-02-27 05:41:10 CST / 1551267670 --> <row><v>NaN</v><v>NaN</v></row>
			<!-- 2019-02-27 05:41:20 CST / 1551267680 --> <row><v>NaN</v><v>NaN</v></row>
			<!-- 2019-02-27 05:41:30 CST / 1551267690 --> <row><v>NaN</v><v>NaN</v></row>
			<!-- 2019-02-27 05:41:40 CST / 1551267700 --> <row><v>NaN</v><v>NaN</v></row>
			<!-- 2019-02-27 05:41:50 CST / 1551267710 --> <row><v>NaN</v><v>NaN</v></row>
			<!-- 2019-02-27 05:42:00 CST / 1551267720 --> <row><v>NaN</v><v>NaN</v></row>
			<!-- 2019-02-27 05:42:10 CST / 1551267730 --> <row><v>NaN</v><v>NaN</v></row>
			<!-- 2019-02-27 05:42:20 CST / 1551267740 --> <row><v>NaN</v><v>NaN</v></row>
			<!-- 2019-02-27 05:42:30 CST / 1551267750 --> <row><v>NaN</v><v>NaN</v></row>
			<!-- 2019-02-27 05:42:40 CST / 1551267760 --> <row><v>NaN</v><v>NaN</v></row>
			<!-- 2019-02-27 05:42:50 CST / 1551267770 --> <row><v>NaN</v><v>NaN</v></row>
			<!-- 2019-02-27 05:43:00 CST / 1551267780 --> <row><v>NaN</v><v>NaN</v></row>
			<!-- 2019-02-27 05:43:10 CST / 1551267790 --> <row><v>NaN</v><v>NaN</v></row>
			<!-- 2019-02-27 05:43:20 CST / 1551267800 --> <row><v>NaN</v><v>NaN</v></row>
			<!-- 2019-02-27 05:43:30 CST / 1551267810 --> <row><v>NaN</v><v>NaN</v></row>
			<!-- 2019-02-27 05:43:40 CST / 1551267820 --> <row><v>NaN</v><v>NaN</v></row>
			<!-- 2019-02-27 05:43:50 CST / 1551267830 --> <row><v>NaN</v><v>NaN</v></row>
			<!-- 2019-02-27 05:44:00 CST / 1551267840 --> <row><v>NaN</v><v>NaN</v></row>
			<!-- 2019-02-27 05:44:10 CST / 1551267850 --> <row><v>NaN</v><v>NaN</v></row>
			<!-- 2019-02-27 05:44:20 CST / 1551267860 --> <row><v>NaN</v><v>NaN</v></row>
			<!-- 2019-02-27 05:44:30 CST / 1551267870 --> <row><v>NaN</v><v>NaN</v></row>
			<!-- 2019-02-27 05:44:40 CST / 1551267880 --> <row><v>NaN</v><v>NaN</v></row>
			<!-- 2019-02-27 05:44:50 CST / 1551267890 --> <row><v>NaN</v><v>NaN</v></row>
			<!-- 2019-02-27 05:45:00 CST / 1551267900 --> <row><v>NaN</v><v>NaN</v></row>
			<!-- 2019-02-27 05:45:10 CST / 1551267910 --> <row><v>NaN</v><v>NaN</v></row>
			<!-- 2019-02-27 05:45:20 CST / 1551267920 --> <row><v>NaN</v><v>NaN</v></row>
			<!-- 2019-02-27 05:45:30 CST / 1551267930 --> <row><v>NaN</v><v>NaN</v></row>
			<!-- 2019-02-27 05:45:40 CST / 1551267940 --> <row><v>NaN</v><v>NaN</v></row>
			<!-- 2019-02-27 05:45:50 CST / 1551267950 --> <row><v>NaN</v><v>NaN</v></row>
			<!-- 2019-02-27 05:46:00 CST / 1551267960 --> <row><v>NaN</v><v>NaN</v></row>
			<!-- 2019-02-27 05:46:10 CST / 1551267970 --> <row><v>NaN</v><v>NaN</v></row>
			<!-- 2019-02-27 05:46:20 CST / 1551267980 --> <row><v>NaN</v><v>NaN</v></row>
			<!-- 2019-02-27 05:46:30 CST / 1551267990 --> <row><v>NaN</v><v>NaN</v></row>
			<!-- 2019-02-27 05:46:40 CST / 1551268000 --> <row><v>NaN</v><v>NaN</v></row>
			<!-- 2019-02-27 05:46:50 CST / 1551268010 --> <row><v>NaN</v><v>NaN</v></row>
			<!-- 2019-02-27 05:47:00 CST / 1551268020 --> <row><v>NaN</v><v>NaN</v></row>
			<!-- 2019-02-27 05:47:10 CST / 1551268030 --> <row><v>NaN</v><v>NaN</v></row>
			<!-- 2019-02-27 05:47:20 CST / 1551268040 --> <row><v>NaN</v><v>NaN</v></row>
			<!-- 2019-02-27 05:47:30 CST / 1551268050 --> <row><v>NaN</v><v>NaN</v></row>
			<!-- 2019-02-27 05:47:40 CST / 1551268060 --> <row><v>NaN</v><v>NaN</v></row>
			<!-- 2019-02-27 05:47:50 CST / 1551268070 --> <row><v>NaN</v><v>NaN</v></row>
			<!-- 2019-02-27 05:48:00 CST / 1551268080 --> <row><v>NaN</v><v>NaN</v></row>
			<!-- 2019-02-27 05:48:10 CST / 1551268090 --> <row><v>NaN</v><v>NaN</v></row>
			<!-- 2019-02-27 05:48:20 CST / 1551268100 --> <row><v>NaN</v><v>NaN</v></row>
			<!-- 2019-02-27 05:48:30 CST / 1551268110 --> <row><v>NaN</v><v>NaN</v></row>
			<!-- 2019-02-27 05:48:40 CST / 1551268120 --> <row><v>NaN</v><v>NaN</v></row>
			<!-- 2019-02-27 05:48:50 CST / 1551268130 --> <row><v>NaN</v><v>NaN</v></row>
			<!-- 2019-02-27 05:49:00 CST / 1551268140 --> <row><v>NaN</v><v>NaN</v></row>
			<!-- 2019-02-27 05:49:10 CST / 1551268150 --> <row><v>NaN</v><v>NaN</v></row>
			<!-- 2019-02-27 05:49:20 CST / 1551268160 --> <row><v>NaN</v><v>NaN</v></row>
			<!-- 2019-02-27 05:49:30 CST / 1551268170 --> <row><v>NaN</v><v>NaN</v></row>
			<!-- 2019-02-27 05:49:40 CST / 1551268180 --> <row><v>NaN</v><v>NaN</v></row>
			<!-- 2019-02-27 05:49:50 CST / 1551268190 --> <row><v>NaN</v><v>NaN</v></row>
			<!-- 2019-02-27 05:50:00 CST / 1551268200 --> <row><v>NaN</v><v>NaN</v></row>
			<!-- 2019-02-27 05:50:10 CST / 1551268210 --> <row><v>NaN</v><v>NaN</v></row>
			<!-- 2019-02-27 05:50:20 CST / 1551268220 --> <row><v>NaN</v><v>NaN</v></row>
			<!-- 2019-02-27 05:50:30 CST / 1551268230 --> <row><v>NaN</v><v>NaN</v></row>
			<!-- 2019-02-27 05:50:40 CST / 1551268240 --> <row><v>NaN</v><v>NaN</v></row>
			<!-- 2019-02-27 05:50:50 CST / 1551268250 --> <row><v>NaN</v><v>NaN</v></row>
			<!-- 2019-02-27 05:51:00 CST / 1551268260 --> <row><v>NaN</v><v>NaN</v></row>
			<!-- 2019-02-27 05:51:10 CST / 1551268270 --> <row><v>NaN</v><v>NaN</v></row>
			<!-- 2019-02-27 05:51:20 CST / 1551268280 --> <row><v>NaN</v><v>NaN</v></row>
			<!-- 2019-02-27 05:51:30 CST / 1551268290 --> <row><v>NaN</v><v>NaN</v></row>
			<!-- 2019-02-27 05:51:40 CST / 1551268300 --> <row><v>NaN</v><v>NaN</v></row>
			<!-- 2019-02-27 05:51:50 CST / 1551268310 --> <row><v>NaN</v><v>NaN</v></row>
			<!-- 2019-02-27 05:52:00 CST / 1551268320 --> <row><v>NaN</v><v>NaN</v></row>
			<!-- 2019-02-27 05:52:10 CST / 1551268330 --> <row><v>NaN</v><v>NaN</v></row>
			<!-- 2019-02-27 05:52:20 CST / 1551268340 --> <row><v>NaN</v><v>NaN</v></row>
			<!-- 2019-02-27 05:52:30 CST / 1551268350 --> <row><v>NaN</v><v>NaN</v></row>
			<!-- 2019-02-27 05:52:40 CST / 1551268360 --> <row><v>NaN</v><v>NaN</v></row>
			<!-- 2019-02-27 05:52:50 CST / 1551268370 --> <row><v>NaN</v><v>NaN</v></row>
			<!-- 2019-02-27 05:53:00 CST / 1551268380 --> <row><v>NaN</v><v>NaN</v></row>
			<!-- 2019-02-27 05:53:10 CST / 1551268390 --> <row><v>NaN</v><v>NaN</v></row>
			<!-- 2019-02-27 05:53:20 CST / 1551268400 --> <row><v>NaN</v><v>NaN</v></row>
			<!-- 2019-02-27 05:53:30 CST / 1551268410 --> <row><v>NaN</v><v>NaN</v></row>
			<!-- 2019-02-27 05:53:40 CST / 1551268420 --> <row><v>NaN</v><v>NaN</v></row>
			<!-- 2019-02-27 05:53:50 CST / 1551268430 --> <row><v>NaN</v><v>NaN</v></row>
			<!-- 2019-02-27 05:54:00 CST / 1551268440 --> <row><v>NaN</v><v>NaN</v></row>
			<!-- 2019-02-27 05:54:10 CST / 1551268450 --> <row><v>NaN</v><v>NaN</v></row>
			<!-- 2019-02-27 05:54:20 CST / 1551268460 --> <row><v>NaN</v><v>NaN</v></row>
			<!-- 2019-02-27 05:54:30 CST / 1551268470 --> <row><v>NaN</v><v>NaN</v></row>
			<!-- 2019-02-27 05:54:40 CST / 1551268480 --> <row><v>NaN</v><v>NaN</v></row>
			<!-- 2019-02-27 05:54:50 CST / 1551268490 --> <row><v>NaN</v><v>NaN</v></row>
			<!-- 2019-02-27 05:55:00 CST / 1551268500 --> <row><v>NaN</v><v>NaN</v></row>
			<!-- 2019-02-27 05:55:10 CST / 1551268510 --> <row><v>NaN</v><v>NaN</v></row>
			<!-- 2019-02-27 05:55:20 CST / 1551268520 --> <row><v>NaN</v><v>NaN</v></row>
			<!-- 2019-02-27 05:55:30 CST / 1551268530 --> <row><v>NaN</v><v>NaN</v></row>
			<!-- 2019-02-27 05:55:40 CST / 1551268540 --> <row><v>NaN</v><v>NaN</v></row>
			<!-- 2019-02-27 05:55:50 CST / 1551268550 --> <row><v>NaN</v><v>NaN</v></row>
			<!-- 2019-02-27 05:56:00 CST / 1551268560 --> <row><v>NaN</v><v>NaN</v></row>
			<!-- 2019-02-27 05:56:10 CST / 1551268570 --> <row><v>NaN</v><v>NaN</v></row>
			<!-- 2019-02-27 05:56:20 CST / 1551268580 --> <row><v>NaN</v><v>NaN</v></row>
			<!-- 2019-02-27 05:56:30 CST / 1551268590 --> <row><v>NaN</v><v>NaN</v></row>
			<!-- 2019-02-27 05:56:40 CST / 1551268600 --> <row><v>NaN</v><v>NaN</v></row>
			<!-- 2019-02-27 05:56:50 CST / 1551268610 --> <row><v>NaN</v><v>NaN</v></row>
			<!-- 2019-02-27 05:57:00 CST / 1551268620 --> <row><v>NaN</v><v>NaN</v></row>
			<!-- 2019-02-27 05:57:10 CST / 1551268630 --> <row><v>NaN</v><v>NaN</v></row>
			<!-- 2019-02-27 05:57:20 CST / 1551268640 --> <row><v>NaN</v><v>NaN</v></row>
			<!-- 2019-02-27 05:57:30 CST / 1551268650 --> <row><v>NaN</v><v>NaN</v></row>
			<!-- 2019-02-27 05:57:40 CST / 1551268660 --> <row><v>NaN</v><v>NaN</v></row>
			<!-- 2019-02-27 05:57:50 CST / 1551268670 --> <row><v>NaN</v><v>NaN</v></row>
			<!-- 2019-02-27 05:58:00 CST / 1551268680 --> <row><v>NaN</v><v>NaN</v></row>
			<!-- 2019-02-27 05:58:10 CST / 1551268690 --> <row><v>NaN</v><v>NaN</v></row>
			<!-- 2019-02-27 05:58:20 CST / 1551268700 --> <row><v>NaN</v><v>NaN</v></row>
			<!-- 2019-02-27 05:58:30 CST / 1551268710 --> <row><v>NaN</v><v>NaN</v></row>
			<!-- 2019-02-27 05:58:40 CST / 1551268720 --> <row><v>NaN</v><v>NaN</v></row>
			<!-- 2019-02-27 05:58:50 CST / 1551268730 --> <row><v>NaN</v><v>NaN</v></row>
			<!-- 2019-02-27 05:59:00 CST / 1551268740 --> <row><v>NaN</v><v>NaN</v></row>
			<!-- 2019-02-27 05:59:10 CST / 1551268750 --> <row><v>NaN</v><v>NaN</v></row>
			<!-- 2019-02-27 05:59:20 CST / 1551268760 --> <row><v>NaN</v><v>NaN</v></row>
			<!-- 2019-02-27 05:59:30 CST / 1551268770 --> <row><v>NaN</v><v>NaN</v></row>
			<!-- 2019-02-27 05:59:40 CST / 1551268780 --> <row><v>NaN</v><v>NaN</v></row>
			<!-- 2019-02-27 05:59:50 CST / 1551268790 --> <row><v>NaN</v><v>NaN</v></row>
			<!-- 2019-02-27 06:00:00 CST / 1551268800 --> <row><v>NaN</v><v>NaN</v></row>
			<!-- 2019-02-27 06:00:10 CST / 1551268810 --> <row><v>NaN</v><v>NaN</v></row>
			<!-- 2019-02-27 06:00:20 CST / 1551268820 --> <row><v>NaN</v><v>NaN</v></row>
			<!-- 2019-02-27 06:00:30 CST / 1551268830 --> <row><v>NaN</v><v>NaN</v></row>
			<!-- 2019-02-27 06:00:40 CST / 1551268840 --> <row><v>NaN</v><v>NaN</v></row>
			<!-- 2019-02-27 06:00:50 CST / 1551268850 --> <row><v>NaN</v><v>NaN</v></row>
			<!-- 2019-02-27 06:01:00 CST / 1551268860 --> <row><v>NaN</v><v>NaN</v></row>
			<!-- 2019-02-27 06:01:10 CST / 1551268870 --> <row><v>NaN</v><v>NaN</v></row>
			<!-- 2019-02-27 06:01:20 CST / 1551268880 --> <row><v>NaN</v><v>NaN</v></row>
			<!-- 2019-02-27 06:01:30 CST / 1551268890 --> <row><v>NaN</v><v>NaN</v></row>
			<!-- 2019-02-27 06:01:40 CST / 1551268900 --> <row><v>NaN</v><v>NaN</v></row>
			<!-- 2019-02-27 06:01:50 CST / 1551268910 --> <row><v>NaN</v><v>NaN</v></row>
			<!-- 2019-02-27 06:02:00 CST / 1551268920 --> <row><v>NaN</v><v>NaN</v></row>
			<!-- 2019-02-27 06:02:10 CST / 1551268930 --> <row><v>NaN</v><v>NaN</v></row>
			<!-- 2019-02-27 06:02:20 CST / 1551268940 --> <row><v>NaN</v><v>NaN</v></row>
			<!-- 2019-02-27 06:02:30 CST / 1551268950 --> <row><v>NaN</v><v>NaN</v></row>
			<!-- 2019-02-27 06:02:40 CST / 1551268960 --> <row><v>NaN</v><v>NaN</v></row>
			<!-- 2019-02-27 06:02:50 CST / 1551268970 --> <row><v>NaN</v><v>NaN</v></row>
			<!-- 2019-02-27 06:03:00 CST / 1551268980 --> <row><v>NaN</v><v>NaN</v></row>
			<!-- 2019-02-27 06:03:10 CST / 1551268990 --> <row><v>0.0000000000e+00</v><v>0.0000000000e+00</v></row>
		</database>
	</rra>
	<rra>
		<cf>AVERAGE</cf>
		<pdp_per_row>1</pdp_per_row> <!-- 10 seconds -->

		<params>
		<xff>5.0000000000e-01</xff>
		</params>
		<cdp_prep>
			<ds>
			<primary_value>0.0000000000e+00</primary_value>
			<secondary_value>0.0000000000e+00</secondary_value>
			<value>NaN</value>
			<unknown_datapoints>0</unknown_datapoints>
			</ds>
			<ds>
			<primary_value>0.0000000000e+00</primary_value>
			<secondary_value>0.0000000000e+00</secondary_value>
			<value>NaN</value>
			<unknown_datapoints>0</unknown_datapoints>
			</ds>
		</cdp_prep>
		<database>
			<!-- 2019-02-27 04:23:20 CST / 1551263000 --> <row><v>NaN</v><v>NaN</v></row>
			<!-- 2019-02-27 04:23:30 CST / 1551263010 --> <row><v>NaN</v><v>NaN</v></row>
			<!-- 2019-02-27 04:23:40 CST / 1551263020 --> <row><v>NaN</v><v>NaN</v></row>
			<!-- 2019-02-27 04:23:50 CST / 1551263030 --> <row><v>NaN</v><v>NaN</v></row>
			<!-- 2019-02-27 04:24:00 CST / 1551263040 --> <row><v>NaN</v><v>NaN</v></row>
			<!-- 2019-02-27 04:24:10 CST / 1551263050 --> <row><v>NaN</v><v>NaN</v></row>
			<!-- 2019-02-27 04:24:20 CST / 1551263060 --> <row><v>NaN</v><v>NaN</v></row>
			<!-- 2019-02-27 04:24:30 CST / 1551263070 --> <row><v>NaN</v><v>NaN</v></row>
			<!-- 2019-02-27 04:24:40 CST / 1551263080 --> <row><v>NaN</v><v>NaN</v></row>
			<!-- 2019-02-27 04:24:50 CST / 1551263090 --> <row><v>NaN</v><v>NaN</v></row>
			<!-- 2019-02-27 04:25:00 CST / 1551263100 --> <row><v>NaN</v><v>NaN</v></row>
			<!-- 2019-02-27 04:25:10 CST / 1551263110 --> <row><v>NaN</v><v>NaN</v></row>
			<!-- 2019-02-27 04:25:20 CST / 1551263120 --> <row><v>NaN</v><v>NaN</v></row>
			<!-- 2019-02-27 04:25:30 CST / 1551263130 --> <row><v>NaN</v><v>NaN</v></row>
			<!-- 2019-02-27 04:25:40 CST / 1551263140 --> <row><v>NaN</v><v>NaN</v></row>
			<!-- 2019-02-27 04:25:50 CST / 1551263150 --> <row><v>NaN</v><v>NaN</v></row>
			<!-- 2019-02-27 04:26:00 CST / 1551263160 --> <row><v>NaN</v><v>NaN</v></row>
			<!-- 2019-02-27 04:26:10 CST / 1551263170 --> <row><v>NaN</v><v>NaN</v></row>
			<!-- 2019-02-27 04:26:20 CST / 1551263180 --> <row><v>NaN</v><v>NaN</v></row>
			<!-- 2019-02-27 04:26:30 CST / 1551263190 --> <row><v>NaN</v><v>NaN</v></row>
			<!-- 2019-02-27 04:26:40 CST / 1551263200 --> <row><v>NaN</v><v>NaN</v></row>
			<!-- 2019-02-27 04:26:50 CST / 1551263210 --> <row><v>NaN</v><v>NaN</v></row>
			<!-- 2019-02-27 04:27:00 CST / 1551263220 --> <row><v>NaN</v><v>NaN</v></row>
			<!-- 2019-02-27 04:27:10 CST / 1551263230 --> <row><v>NaN</v><v>NaN</v></row>
			<!-- 2019-02-27 04:27:20 CST / 1551263240 --> <row><v>NaN</v><v>NaN</v></row>
			<!-- 2019-02-27 04:27:30 CST / 1551263250 --> <row><v>NaN</v><v>NaN</v></row>
			<!-- 2019-02-27 04:27:40 CST / 1551263260 --> <row><v>NaN</v><v>NaN</v></row>
			<!-- 2019-02-27 04:27:50 CST / 1551263270 --> <row><v>NaN</v><v>NaN</v></row>
			<!-- 2019-02-27 04:28:00 CST / 1551263280 --> <row><v>NaN</v><v>NaN</v></row>
			<!-- 2019-02-27 04:28:10 CST / 1551263290 --> <row><v>NaN</v><v>NaN</v></row>
			<!-- 2019-02-27 04:28:20 CST / 1551263300 --> <row><v>NaN</v><v>NaN</v></row>
			<!-- 2019-02-27 04:28:30 CST / 1551263310 --> <row><v>NaN</v><v>NaN</v></row>
			<!-- 2019-02-27 04:28:40 CST / 1551263320 --> <row><v>NaN</v><v>NaN</v></row>
			<!-- 2019-02-27 04:28:50 CST / 1551263330 --> <row><v>NaN</v><v>NaN</v></row>
			<!-- 2019-02-27 04:29:00 CST / 1551263340 --> <row><v>NaN</v><v>NaN</v></row>
			<!-- 2019-02-27 04:29:10 CST / 1551263350 --> <row><v>NaN</v><v>NaN</v></row>
			<!-- 2019-02-27 04:29:20 CST / 1551263360 --> <row><v>NaN</v><v>NaN</v></row>
			<!-- 2019-02-27 04:29:30 CST / 1551263370 --> <row><v>NaN</v><v>NaN</v></row>
			<!-- 2019-02-27 04:29:40 CST / 1551263380 --> <row><v>NaN</v><v>NaN</v></row>
			<!-- 2019-02-27 04:29:50 CST / 1551263390 --> <row><v>NaN</v><v>NaN</v></row>
			<!-- 2019-02-27 04:30:00 CST / 1551263400 --> <row><v>NaN</v><v>NaN</v></row>
			<!-- 2019-02-27 04:30:10 CST / 1551263410 --> <row><v>NaN</v><v>NaN</v></row>
			<!-- 2019-02-27 04:30:20 CST / 1551263420 --> <row><v>NaN</v><v>NaN</v></row>
			<!-- 2019-02-27 04:30:30 CST / 1551263430 --> <row><v>NaN</v><v>NaN</v></row>
			<!-- 2019-02-27 04:30:40 CST / 1551263440 --> <row><v>NaN</v><v>NaN</v></row>
			<!-- 2019-02-27 04:30:50 CST / 1551263450 --> <row><v>NaN</v><v>NaN</v></row>
			<!-- 2019-02-27 04:31:00 CST / 1551263460 --> <row><v>NaN</v><v>NaN</v></row>
			<!-- 2019-02-27 04:31:10 CST / 1551263470 --> <row><v>NaN</v><v>NaN</v></row>
			<!-- 2019-02-27 04:31:20 CST / 1551263480 --> <row><v>NaN</v><v>NaN</v></row>
			<!-- 2019-02-27 04:31:30 CST / 1551263490 --> <row><v>NaN</v><v>NaN</v></row>
			<!-- 2019-02-27 04:31:40 CST / 1551263500 --> <row><v>NaN</v><v>NaN</v></row>
			<!-- 2019-02-27 04:31:50 CST / 1551263510 --> <row><v>NaN</v><v>NaN</v></row>
			<!-- 2019-02-27 04:32:00 CST / 1551263520 --> <row><v>NaN</v><v>NaN</v></row>
			<!-- 2019-02-27 04:32:10 CST / 1551263530 --> <row><v>NaN</v><v>NaN</v></row>
			<!-- 2019-02-27 04:32:20 CST / 1551263540 --> <row><v>NaN</v><v>NaN</v></row>
			<!-- 2019-02-27 04:32:30 CST / 1551263550 --> <row><v>NaN</v><v>NaN</v></row>
			<!-- 2019-02-27 04:32:40 CST / 1551263560 --> <row><v>NaN</v><v>NaN</v></row>
			<!-- 2019-02-27 04:32:50 CST / 1551263570 --> <row><v>NaN</v><v>NaN</v></row>
			<!-- 2019-02-27 04:33:00 CST / 1551263580 --> <row><v>NaN</v><v>NaN</v></row>
			<!-- 2019-02-27 04:33:10 CST / 1551263590 --> <row><v>NaN</v><v>NaN</v></row>
			<!-- 2019-02-27 04:33:20 CST / 1551263600 --> <row><v>NaN</v><v>NaN</v></row>
			<!-- 2019-02-27 04:33:30 CST / 1551263610 --> <row><v>NaN</v><v>NaN</v></row>
			<!-- 2019-02-27 04:33:40 CST / 1551263620 --> <row><v>NaN</v><v>NaN</v></row>
			<!-- 2019-02-27 04:33:50 CST / 1551263630 --> <row><v>NaN</v><v>NaN</v></row>
			<!-- 2019-02-27 04:34:00 CST / 1551263640 --> <row><v>NaN</v><v>NaN</v></row>
			<!-- 2019-02-27 04:34:10 CST / 1551263650 --> <row><v>NaN</v><v>NaN</v></row>
			<!-- 2019-02-27 04:34:20 CST / 1551263660 --> <row><v>NaN</v><v>NaN</v></row>
			<!-- 2019-02-27 04:34:30 CST / 1551263670 --> <row><v>NaN</v><v>NaN</v></row>
			<!-- 2019-02-27 04:34:40 CST / 1551263680 --> <row><v>NaN</v><v>NaN</v></row>
			<!-- 2019-02-27 04:34:50 CST / 1551263690 --> <row><v>NaN</v><v>NaN</v></row>
			<!-- 2019-02-27 04:35:00 CST / 1551263700 --> <row><v>NaN</v><v>NaN</v></row>
			<!-- 2019-02-27 04:35:10 CST / 1551263710 --> <row><v>NaN</v><v>NaN</v></row>
			<!-- 2019-02-27 04:35:20 CST / 1551263720 --> <row><v>NaN</v><v>NaN</v></row>
			<!-- 2019-02-27 04:35:30 CST / 1551263730 --> <row><v>NaN</v><v>NaN</v></row>
			<!-- 2019-02-27 04:35:40 CST / 1551263740 --> <row><v>NaN</v><v>NaN</v></row>
			<!-- 2019-02-27 04:35:50 CST / 1551263750 --> <row><v>NaN</v><v>NaN</v></row>
			<!-- 2019-02-27 04:36:00 CST / 1551263760 --> <row><v>NaN</v><v>NaN</v></row>
			<!-- 2019-02-27 04:36:10 CST / 1551263770 --> <row><v>NaN</v><v>NaN</v></row>
			<!-- 2019-02-27 04:36:20 CST / 1551263780 --> <row><v>NaN</v><v>NaN</v></row>
			<!-- 2019-02-27 04:36:30 CST / 1551263790 --> <row><v>NaN</v><v>NaN</v></row>
			<!-- 2019-02-27 04:36:40 CST / 1551263800 --> <row><v>NaN</v><v>NaN</v></row>
			<!-- 2019-02-27 04:36:50 CST / 1551263810 --> <row><v>NaN</v><v>NaN</v></row>
			<!-- 2019-02-27 04:37:00 CST / 1551263820 --> <row><v>NaN</v><v>NaN</v></row>
			<!-- 2019-02-27 04:37:10 CST / 1551263830 --> <row><v>NaN</v><v>NaN</v></row>
			<!-- 2019-02-27 04:37:20 CST / 1551263840 --> <row><v>NaN</v><v>NaN</v></row>
			<!-- 2019-02-27 04:37:30 CST / 1551263850 --> <row><v>NaN</v><v>NaN</v></row>
			<!-- 2019-02-27 04:37:40 CST / 1551263860 --> <row><v>NaN</v><v>NaN</v></row>
			<!-- 2019-02-27 04:37:50 CST / 1551263870 --> <row><v>NaN</v><v>NaN</v></row>
			<!-- 2019-02-27 04:38:00 CST / 1551263880 --> <row><v>NaN</v><v>NaN</v></row>
			<!-- 2019-02-27 04:38:10 CST / 1551263890 --> <row><v>NaN</v><v>NaN</v></row>
			<!-- 2019-02-27 04:38:20 CST / 1551263900 --> <row><v>NaN</v><v>NaN</v></row>
			<!-- 2019-02-27 04:38:30 CST / 1551263910 --> <row><v>NaN</v><v>NaN</v></row>
			<!-- 2019-02-27 04:38:40 CST / 1551263920 --> <row><v>NaN</v><v>NaN</v></row>
			<!-- 2019-02-27 04:38:50 CST / 1551263930 --> <row><v>NaN</v><v>NaN</v></row>
			<!-- 2019-02-27 04:39:00 CST / 1551263940 --> <row><v>NaN</v><v>NaN</v></row>
			<!-- 2019-02-27 04:39:10 CST / 1551263950 --> <row><v>NaN</v><v>NaN</v></row>
			<!-- 2019-02-27 04:39:20 CST / 1551263960 --> <row><v>NaN</v><v>NaN</v></row>
			<!-- 2019-02-27 04:39:30 CST / 1551263970 --> <row><v>NaN</v><v>NaN</v></row>
			<!-- 2019-02-27 04:39:40 CST / 1551263980 --> <row><v>NaN</v><v>NaN</v></row>
			<!-- 2019-02-27 04:39:50 CST / 1551263990 --> <row><v>NaN</v><v>NaN</v></row>
			<!-- 2019-02-27 04:40:00 CST / 1551264000 --> <row><v>NaN</v><v>NaN</v></row>
			<!-- 2019-02-27 04:40:10 CST / 1551264010 --> <row><v>NaN</v><v>NaN</v></row>
			<!-- 2019-02-27 04:40:20 CST / 1551264020 --> <row><v>NaN</v><v>NaN</v></row>
			<!-- 2019-02-27 04:40:30 CST / 1551264030 --> <row><v>NaN</v><v>NaN</v></row>
			<!-- 2019-02-27 04:40:40 CST / 1551264040 --> <row><v>NaN</v><v>NaN</v></row>
			<!-- 2019-02-27 04:40:50 CST / 1551264050 --> <row><v>NaN</v><v>NaN</v></row>
			<!-- 2019-02-27 04:41:00 CST / 1551264060 --> <row><v>NaN</v><v>NaN</v></row>
			<!-- 2019-02-27 04:41:10 CST / 1551264070 --> <row><v>NaN</v><v>NaN</v></row>
			<!-- 2019-02-27 04:41:20 CST / 1551264080 --> <row><v>NaN</v><v>NaN</v></row>
			<!-- 2019-02-27 04:41:30 CST / 1551264090 --> <row><v>NaN</v><v>NaN</v></row>
			<!-- 2019-02-27 04:41:40 CST / 1551264100 --> <row><v>NaN</v><v>NaN</v></row>
			<!-- 2019-02-27 04:41:50 CST / 1551264110 --> <row><v>NaN</v><v>NaN</v></row>
			<!-- 2019-02-27 04:42:00 CST / 1551264120 --> <row><v>NaN</v><v>NaN</v></row>
			<!-- 2019-02-27 04:42:10 CST / 1551264130 --> <row><v>NaN</v><v>NaN</v></row>
			<!-- 2019-02-27 04:42:20 CST / 1551264140 --> <row><v>NaN</v><v>NaN</v></row>
			<!-- 2019-02-27 04:42:30 CST / 1551264150 --> <row><v>NaN</v><v>NaN</v></row>
			<!-- 2019-02-27 04:42:40 CST / 1551264160 --> <row><v>NaN</v><v>NaN</v></row>
			<!-- 2019-02-27 04:42:50 CST / 1551264170 --> <row><v>NaN</v><v>NaN</v></row>
			<!-- 2019-02-27 04:43:00 CST / 1551264180 --> <row><v>NaN</v><v>NaN</v></row>
			<!-- 2019-02-27 04:43:10 CST / 1551264190 --> <row><v>NaN</v><v>NaN</v></row>
			<!-- 2019-02-27 04:43:20 CST / 1551264200 --> <row><v>NaN</v><v>NaN</v></row>
			<!-- 2019-02-27 04:43:30 CST / 1551264210 --> <row><v>NaN</v><v>NaN</v></row>
			<!-- 2019-02-27 04:43:40 CST / 1551264220 --> <row><v>NaN</v><v>NaN</v></row>
			<!-- 2019-02-27 04:43:50 CST / 1551264230 --> <row><v>NaN</v><v>NaN</v></row>
			<!-- 2019-02-27 04:44:00 CST / 1551264240 --> <row><v>NaN</v><v>NaN</v></row>
			<!-- 2019-02-27 04:44:10 CST / 1551264250 --> <row><v>NaN</v><v>NaN</v></row>
			<!-- 2019-02-27 04:44:20 CST / 1551264260 --> <row><v>NaN</v><v>NaN</v></row>
			<!-- 2019-02-27 04:44:30 CST / 1551264270 --> <row><v>NaN</v><v>NaN</v></row>
			<!-- 2019-02-27 04:44:40 CST / 1551264280 --> <row><v>NaN</v><v>NaN</v></row>
			<!-- 2019-02-27 04:44:50 CST / 1551264290 --> <row><v>NaN</v><v>NaN</v></row>
			<!-- 2019-02-27 04:45:00 CST / 1551264300 --> <row><v>NaN</v><v>NaN</v></row>
			<!-- 2019-02-27 04:45:10 CST / 1551264310 --> <row><v>NaN</v><v>NaN</v></row>
			<!-- 2019-02-27 04:45:20 CST / 1551264320 --> <row><v>NaN</v><v>NaN</v></row>
			<!-- 2019-02-27 04:45:30 CST / 1551264330 --> <row><v>NaN</v><v>NaN</v></row>
			<!-- 2019-02-27 04:45:40 CST / 1551264340 --> <row><v>NaN</v><v>NaN</v></row>
			<!-- 2019-02-27 04:45:50 CST / 1551264350 --> <row><v>NaN</v><v>NaN</v></row>
			<!-- 2019-02-27 04:46:00 CST / 1551264360 --> <row><v>NaN</v><v>NaN</v></row>
			<!-- 2019-02-27 04:46:10 CST / 1551264370 --> <row><v>NaN</v><v>NaN</v></row>
			<!-- 2019-02-27 04:46:20 CST / 1551264380 --> <row><v>NaN</v><v>NaN</v></row>
			<!-- 2019-02-27 04:46:30 CST / 1551264390 --> <row><v>NaN</v><v>NaN</v></row>
			<!-- 2019-02-27 04:46:40 CST / 1551264400 --> <row><v>NaN</v><v>NaN</v></row>
			<!-- 2019-02-27 04:46:50 CST / 1551264410 --> <row><v>NaN</v><v>NaN</v></row>
			<!-- 2019-02-27 04:47:00 CST / 1551264420 --> <row><v>NaN</v><v>NaN</v></row>
			<!-- 2019-02-27 04:47:10 CST / 1551264430 --> <row><v>NaN</v><v>NaN</v></row>
			<!-- 2019-02-27 04:47:20 CST / 1551264440 --> <row><v>NaN</v><v>NaN</v></row>
			<!-- 2019-02-27 04:47:30 CST / 1551264450 --> <row><v>NaN</v><v>NaN</v></row>
			<!-- 2019-02-27 04:47:40 CST / 1551264460 --> <row><v>NaN</v><v>NaN</v></row>
			<!-- 2019-02-27 04:47:50 CST / 1551264470 --> <row><v>NaN</v><v>NaN</v></row>
			<!-- 2019-02-27 04:48:00 CST / 1551264480 --> <row><v>NaN</v><v>NaN</v></row>
			<!-- 2019-02-27 04:48:10 CST / 1551264490 --> <row><v>NaN</v><v>NaN</v></row>
			<!-- 2019-02-27 04:48:20 CST / 1551264500 --> <row><v>NaN</v><v>NaN</v></row>
			<!-- 2019-02-27 04:48:30 CST / 1551264510 --> <row><v>NaN</v><v>NaN</v></row>
			<!-- 2019-02-27 04:48:40 CST / 1551264520 --> <row><v>NaN</v><v>NaN</v></row>
			<!-- 2019-02-27 04:48:50 CST / 1551264530 --> <row><v>NaN</v><v>NaN</v></row>
			<!-- 2019-02-27 04:49:00 CST / 1551264540 --> <row><v>NaN</v><v>NaN</v></row>
			<!-- 2019-02-27 04:49:10 CST / 1551264550 --> <row><v>NaN</v><v>NaN</v></row>
			<!-- 2019-02-27 04:49:20 CST / 1551264560 --> <row><v>NaN</v><v>NaN</v></row>
			<!-- 2019-02-27 04:49:30 CST / 1551264570 --> <row><v>NaN</v><v>NaN</v></row>
			<!-- 2019-02-27 04:49:40 CST / 1551264580 --> <row><v>NaN</v><v>NaN</v></row>
			<!-- 2019-02-27 04:49:50 CST / 1551264590 --> <row><v>NaN</v><v>NaN</v></row>
			<!-- 2019-02-27 04:50:00 CST / 1551264600 --> <row><v>NaN</v><v>NaN</v></row>
			<!-- 2019-02-27 04:50:10 CST / 1551264610 --> <row><v>NaN</v><v>NaN</v></row>
			<!-- 2019-02-27 04:50:20 CST / 1551264620 --> <row><v>NaN</v><v>NaN</v></row>
			<!-- 2019-02-27 04:50:30 CST / 1551264630 --> <row><v>NaN</v><v>NaN</v></row>
			<!-- 2019-02-27 04:50:40 CST / 1551264640 --> <row><v>NaN</v><v>NaN</v></row>
			<!-- 2019-02-27 04:50:50 CST / 1551264650 --> <row><v>NaN</v><v>NaN</v></row>
			<!-- 2019-02-27 04:51:00 CST / 1551264660 --> <row><v>NaN</v><v>NaN</v></row>
			<!-- 2019-02-27 04:51:10 CST / 1551264670 --> <row><v>NaN</v><v>NaN</v></row>
			<!-- 2019-02-27 04:51:20 CST / 1551264680 --> <row><v>NaN</v><v>NaN</v></row>
			<!-- 2019-02-27 04:51:30 CST / 1551264690 --> <row><v>NaN</v><v>NaN</v></row>
			<!-- 2019-02-27 04:51:40 CST / 1551264700 --> <row><v>NaN</v><v>NaN</v></row>
			<!-- 2019-02-27 04:51:50 CST / 1551264710 --> <row><v>NaN</v><v>NaN</v></row>
			<!-- 2019-02-27 04:52:00 CST / 1551264720 --> <row><v>NaN</v><v>NaN</v></row>
			<!-- 2019-02-27 04:52:10 CST / 1551264730 --> <row><v>NaN</v><v>NaN</v></row>
			<!-- 2019-02-27 04:52:20 CST / 1551264740 --> <row><v>NaN</v><v>NaN</v></row>
			<!-- 2019-02-27 04:52:30 CST / 1551264750 --> <row><v>NaN</v><v>NaN</v></row>
			<!-- 2019-02-27 04:52:40 CST / 1551264760 --> <row><v>NaN</v><v>NaN</v></row>
			<!-- 2019-02-27 04:52:50 CST / 1551264770 --> <row><v>NaN</v><v>NaN</v></row>
			<!-- 2019-02-27 04:53:00 CST / 1551264780 --> <row><v>NaN</v><v>NaN</v></row>
			<!-- 2019-02-27 04:53:10 CST / 1551264790 --> <row><v>NaN</v><v>NaN</v></row>
			<!-- 2019-02-27 04:53:20 CST / 1551264800 --> <row><v>NaN</v><v>NaN</v></row>
			<!-- 2019-02-27 04:53:30 CST / 1551264810 --> <row><v>NaN</v><v>NaN</v></row>
			<!-- 2019-02-27 04:53:40 CST / 1551264820 --> <row><v>NaN</v><v>NaN</v></row>
			<!-- 2019-02-27 04:53:50 CST / 1551264830 --> <row><v>NaN</v><v>NaN</v></row>
			<!-- 2019-02-27 04:54:00 CST / 1551264840 --> <row><v>NaN</v><v>NaN</v></row>
			<!-- 2019-02-27 04:54:10 CST / 1551264850 --> <row><v>NaN</v><v>NaN</v></row>
			<!-- 2019-02-27 04:54:20 CST / 1551264860 --> <row><v>NaN</v><v>NaN</v></row>
			<!-- 2019-02-27 04:54:30 CST / 1551264870 --> <row><v>NaN</v><v>NaN</v></row>
			<!-- 2019-02-27 04:54:40 CST / 1551264880 --> <row><v>NaN</v><v>NaN</v></row>
			<!-- 2019-02-27 04:54:50 CST / 1551264890 --> <row><v>NaN</v><v>NaN</v></row>
			<!-- 2019-02-27 04:55:00 CST / 1551264900 --> <row><v>NaN</v><v>NaN</v></row>
			<!-- 2019-02-27 04:55:10 CST / 1551264910 --> <row><v>NaN</v><v>NaN</v></row>
			<!-- 2019-02-27 04:55:20 CST / 1551264920 --> <row><v>NaN</v><v>NaN</v></row>
			<!-- 2019-02-27 04:55:30 CST / 1551264930 --> <row><v>NaN</v><v>NaN</v></row>
			<!-- 2019-02-27 04:55:40 CST / 1551264940 --> <row><v>NaN</v><v>NaN</v></row>
			<!-- 2019-02-27 04:55:50 CST / 1551264950 --> <row><v>NaN</v><v>NaN</v></row>
			<!-- 2019-02-27 04:56:00 CST / 1551264960 --> <row><v>NaN</v><v>NaN</v></row>
			<!-- 2019-02-27 04:56:10 CST / 1551264970 --> <row><v>NaN</v><v>NaN</v></row>
			<!-- 2019-02-27 04:56:20 CST / 1551264980 --> <row><v>NaN</v><v>NaN</v></row>
			<!-- 2019-02-27 04:56:30 CST / 1551264990 --> <row><v>NaN</v><v>NaN</v></row>
			<!-- 2019-02-27 04:56:40 CST / 1551265000 --> <row><v>NaN</v><v>NaN</v></row>
			<!-- 2019-02-27 04:56:50 CST / 1551265010 --> <row><v>NaN</v><v>NaN</v></row>
			<!-- 2019-02-27 04:57:00 CST / 1551265020 --> <row><v>NaN</v><v>NaN</v></row>
			<!-- 2019-02-27 04:57:10 CST / 1551265030 --> <row><v>NaN</v><v>NaN</v></row>
			<!-- 2019-02-27 04:57:20 CST / 1551265040 --> <row><v>NaN</v><v>NaN</v></row>
			<!-- 2019-02-27 04:57:30 CST / 1551265050 --> <row><v>NaN</v><v>NaN</v></row>
			<!-- 2019-02-27 04:57:40 CST / 1551265060 --> <row><v>NaN</v><v>NaN</v></row>
			<!-- 2019-02-27 04:57:50 CST / 1551265070 --> <row><v>NaN</v><v>NaN</v></row>
			<!-- 2019-02-27 04:58:00 CST / 1551265080 --> <row><v>NaN</v><v>NaN</v></row>
			<!-- 2019-02-27 04:58:10 CST / 1551265090 --> <row><v>NaN</v><v>NaN</v></row>
			<!-- 2019-02-27 04:58:20 CST / 1551265100 --> <row><v>NaN</v><v>NaN</v></row>
			<!-- 2019-02-27 04:58:30 CST / 1551265110 --> <row><v>NaN</v><v>NaN</v></row>
			<!-- 2019-02-27 04:58:40 CST / 1551265120 --> <row><v>NaN</v><v>NaN</v></row>
			<!-- 2019-02-27 04:58:50 CST / 1551265130 --> <row><v>NaN</v><v>NaN</v></row>
			<!-- 2019-02-27 04:59:00 CST / 1551265140 --> <row><v>NaN</v><v>NaN</v></row>
			<!-- 2019-02-27 04:59:10 CST / 1551265150 --> <row><v>NaN</v><v>NaN</v></row>
			<!-- 2019-02-27 04:59:20 CST / 1551265160 --> <row><v>NaN</v><v>NaN</v></row>
			<!-- 2019-02-27 04:59:30 CST / 1551265170 --> <row><v>NaN</v><v>NaN</v></row>
			<!-- 2019-02-27 04:59:40 CST / 1551265180 --> <row><v>NaN</v><v>NaN</v></row>
			<!-- 2019-02-27 04:59:50 CST / 1551265190 --> <row><v>NaN</v><v>NaN</v></row>
			<!-- 2019-02-27 05:00:00 CST / 1551265200 --> <row><v>NaN</v><v>NaN</v></row>
			<!-- 2019-02-27 05:00:10 CST / 1551265210 --> <row><v>NaN</v><v>NaN</v></row>
			<!-- 2019-02-27 05:00:20 CST / 1551265220 --> <row><v>NaN</v><v>NaN</v></row>
			<!-- 2019-02-27 05:00:30 CST / 1551265230 --> <row><v>NaN</v><v>NaN</v></row>
			<!-- 2019-02-27 05:00:40 CST / 1551265240 --> <row><v>NaN</v><v>NaN</v></row>
			<!-- 2019-02-27 05:00:50 CST / 1551265250 --> <row><v>NaN</v><v>NaN</v></row>
			<!-- 2019-02-27 05:01:00 CST / 1551265260 --> <row><v>NaN</v><v>NaN</v></row>
			<!-- 2019-02-27 05:01:10 CST / 1551265270 --> <row><v>NaN</v><v>NaN</v></row>
			<!-- 2019-02-27 05:01:20 CST / 1551265280 --> <row><v>NaN</v><v>NaN</v></row>
			<!-- 2019-02-27 05:01:30 CST / 1551265290 --> <row><v>NaN</v><v>NaN</v></row>
			<!-- 2019-02-27 05:01:40 CST / 1551265300 --> <row><v>NaN</v><v>NaN</v></row>
			<!-- 2019-02-27 05:01:50 CST / 1551265310 --> <row><v>NaN</v><v>NaN</v></row>
			<!-- 2019-02-27 05:02:00 CST / 1551265320 --> <row><v>NaN</v><v>NaN</v></row>
			<!-- 2019-02-27 05:02:10 CST / 1551265330 --> <row><v>NaN</v><v>NaN</v></row>
			<!-- 2019-02-27 05:02:20 CST / 1551265340 --> <row><v>NaN</v><v>NaN</v></row>
			<!-- 2019-02-27 05:02:30 CST / 1551265350 --> <row><v>NaN</v><v>NaN</v></row>
			<!-- 2019-02-27 05:02:40 CST / 1551265360 --> <row><v>NaN</v><v>NaN</v></row>
			<!-- 2019-02-27 05:02:50 CST / 1551265370 --> <row><v>NaN</v><v>NaN</v></row>
			<!-- 2019-02-27 05:03:00 CST / 1551265380 --> <row><v>NaN</v><v>NaN</v></row>
			<!-- 2019-02-27 05:03:10 CST / 1551265390 --> <row><v>NaN</v><v>NaN</v></row>
			<!-- 2019-02-27 05:03:20 CST / 1551265400 --> <row><v>NaN</v><v>NaN</v></row>
			<!-- 2019-02-27 05:03:30 CST / 1551265410 --> <row><v>NaN</v><v>NaN</v></row>
			<!-- 2019-02-27 05:03:40 CST / 1551265420 --> <row><v>NaN</v><v>NaN</v></row>
			<!-- 2019-02-27 05:03:50 CST / 1551265430 --> <row><v>NaN</v><v>NaN</v></row>
			<!-- 2019-02-27 05:04:00 CST / 1551265440 --> <row><v>NaN</v><v>NaN</v></row>
			<!-- 2019-02-27 05:04:10 CST / 1551265450 --> <row><v>NaN</v><v>NaN</v></row>
			<!-- 2019-02-27 05:04:20 CST / 1551265460 --> <row><v>NaN</v><v>NaN</v></row>
			<!-- 2019-02-27 05:04:30 CST / 1551265470 --> <row><v>NaN</v><v>NaN</v></row>
			<!-- 2019-02-27 05:04:40 CST / 1551265480 --> <row><v>NaN</v><v>NaN</v></row>
			<!-- 2019-02-27 05:04:50 CST / 1551265490 --> <row><v>NaN</v><v>NaN</v></row>
			<!-- 2019-02-27 05:05:00 CST / 1551265500 --> <row><v>NaN</v><v>NaN</v></row>
			<!-- 2019-02-27 05:05:10 CST / 1551265510 --> <row><v>NaN</v><v>NaN</v></row>
			<!-- 2019-02-27 05:05:20 CST / 1551265520 --> <row><v>NaN</v><v>NaN</v></row>
			<!-- 2019-02-27 05:05:30 CST / 1551265530 --> <row><v>NaN</v><v>NaN</v></row>
			<!-- 2019-02-27 05:05:40 CST / 1551265540 --> <row><v>NaN</v><v>NaN</v></row>
			<!-- 2019-02-27 05:05:50 CST / 1551265550 --> <row><v>NaN</v><v>NaN</v></row>
			<!-- 2019-02-27 05:06:00 CST / 1551265560 --> <row><v>NaN</v><v>NaN</v></row>
			<!-- 2019-02-27 05:06:10 CST / 1551265570 --> <row><v>NaN</v><v>NaN</v></row>
			<!-- 2019-02-27 05:06:20 CST / 1551265580 --> <row><v>NaN</v><v>NaN</v></row>
			<!-- 2019-02-27 05:06:30 CST / 1551265590 --> <row><v>NaN</v><v>NaN</v></row>
			<!-- 2019-02-27 05:06:40 CST / 1551265600 --> <row><v>NaN</v><v>NaN</v></row>
			<!-- 2019-02-27 05:06:50 CST / 1551265610 --> <row><v>NaN</v><v>NaN</v></row>
			<!-- 2019-02-27 05:07:00 CST / 1551265620 --> <row><v>NaN</v><v>NaN</v></row>
			<!-- 2019-02-27 05:07:10 CST / 1551265630 --> <row><v>NaN</v><v>NaN</v></row>
			<!-- 2019-02-27 05:07:20 CST / 1551265640 --> <row><v>NaN</v><v>NaN</v></row>
			<!-- 2019-02-27 05:07:30 CST / 1551265650 --> <row><v>NaN</v><v>NaN</v></row>
			<!-- 2019-02-27 05:07:40 CST / 1551265660 --> <row><v>NaN</v><v>NaN</v></row>
			<!-- 2019-02-27 05:07:50 CST / 1551265670 --> <row><v>NaN</v><v>NaN</v></row>
			<!-- 2019-02-27 05:08:00 CST / 1551265680 --> <row><v>NaN</v><v>NaN</v></row>
			<!-- 2019-02-27 05:08:10 CST / 1551265690 --> <row><v>NaN</v><v>NaN</v></row>
			<!-- 2019-02-27 05:08:20 CST / 1551265700 --> <row><v>NaN</v><v>NaN</v></row>
			<!-- 2019-02-27 05:08:30 CST / 1551265710 --> <row><v>NaN</v><v>NaN</v></row>
			<!-- 2019-02-27 05:08:40 CST / 1551265720 --> <row><v>NaN</v><v>NaN</v></row>
			<!-- 2019-02-27 05:08:50 CST / 1551265730 --> <row><v>NaN</v><v>NaN</v></row>
			<!-- 2019-02-27 05:09:00 CST / 1551265740 --> <row><v>NaN</v><v>NaN</v></row>
			<!-- 2019-02-27 05:09:10 CST / 1551265750 --> <row><v>NaN</v><v>NaN</v></row>
			<!-- 2019-02-27 05:09:20 CST / 1551265760 --> <row><v>NaN</v><v>NaN</v></row>
			<!-- 2019-02-27 05:09:30 CST / 1551265770 --> <row><v>NaN</v><v>NaN</v></row>
			<!-- 2019-02-27 05:09:40 CST / 1551265780 --> <row><v>NaN</v><v>NaN</v></row>
			<!-- 2019-02-27 05:09:50 CST / 1551265790 --> <row><v>NaN</v><v>NaN</v></row>
			<!-- 2019-02-27 05:10:00 CST / 1551265800 --> <row><v>NaN</v><v>NaN</v></row>
			<!-- 2019-02-27 05:10:10 CST / 1551265810 --> <row><v>NaN</v><v>NaN</v></row>
			<!-- 2019-02-27 05:10:20 CST / 1551265820 --> <row><v>NaN</v><v>NaN</v></row>
			<!-- 2019-02-27 05:10:30 CST / 1551265830 --> <row><v>NaN</v><v>NaN</v></row>
			<!-- 2019-02-27 05:10:40 CST / 1551265840 --> <row><v>NaN</v><v>NaN</v></row>
			<!-- 2019-02-27 05:10:50 CST / 1551265850 --> <row><v>NaN</v><v>NaN</v></row>
			<!-- 2019-02-27 05:11:00 CST / 1551265860 --> <row><v>NaN</v><v>NaN</v></row>
			<!-- 2019-02-27 05:11:10 CST / 1551265870 --> <row><v>NaN</v><v>NaN</v></row>
			<!-- 2019-02-27 05:11:20 CST / 1551265880 --> <row><v>NaN</v><v>NaN</v></row>
			<!-- 2019-02-27 05:11:30 CST / 1551265890 --> <row><v>NaN</v><v>NaN</v></row>
			<!-- 2019-02-27 05:11:40 CST / 1551265900 --> <row><v>NaN</v><v>NaN</v></row>
			<!-- 2019-02-27 05:11:50 CST / 1551265910 --> <row><v>NaN</v><v>NaN</v></row>
			<!-- 2019-02-27 05:12:00 CST / 1551265920 --> <row><v>NaN</v><v>NaN</v></row>
			<!-- 2019-02-27 05:12:10 CST / 1551265930 --> <row><v>NaN</v><v>NaN</v></row>
			<!-- 2019-02-27 05:12:20 CST / 1551265940 --> <row><v>NaN</v><v>NaN</v></row>
			<!-- 2019-02-27 05:12:30 CST / 1551265950 --> <row><v>NaN</v><v>NaN</v></row>
			<!-- 2019-02-27 05:12:40 CST / 1551265960 --> <row><v>NaN</v><v>NaN</v></row>
			<!-- 2019-02-27 05:12:50 CST / 1551265970 --> <row><v>NaN</v><v>NaN</v></row>
			<!-- 2019-02-27 05:13:00 CST / 1551265980 --> <row><v>NaN</v><v>NaN</v></row>
			<!-- 2019-02-27 05:13:10 CST / 1551265990 --> <row><v>NaN</v><v>NaN</v></row>
			<!-- 2019-02-27 05:13:20 CST / 1551266000 --> <row><v>NaN</v><v>NaN</v></row>
			<!-- 2019-02-27 05:13:30 CST / 1551266010 --> <row><v>NaN</v><v>NaN</v></row>
			<!-- 2019-02-27 05:13:40 CST / 1551266020 --> <row><v>NaN</v><v>NaN</v></row>
			<!-- 2019-02-27 05:13:50 CST / 1551266030 --> <row><v>NaN</v><v>NaN</v></row>
			<!-- 2019-02-27 05:14:00 CST / 1551266040 --> <row><v>NaN</v><v>NaN</v></row>
			<!-- 2019-02-27 05:14:10 CST / 1551266050 --> <row><v>NaN</v><v>NaN</v></row>
			<!-- 2019-02-27 05:14:20 CST / 1551266060 --> <row><v>NaN</v><v>NaN</v></row>
			<!-- 2019-02-27 05:14:30 CST / 1551266070 --> <row><v>NaN</v><v>NaN</v></row>
			<!-- 2019-02-27 05:14:40 CST / 1551266080 --> <row><v>NaN</v><v>NaN</v></row>
			<!-- 2019-02-27 05:14:50 CST / 1551266090 --> <row><v>NaN</v><v>NaN</v></row>
			<!-- 2019-02-27 05:15:00 CST / 1551266100 --> <row><v>NaN</v><v>NaN</v></row>
			<!-- 2019-02-27 05:15:10 CST / 1551266110 --> <row><v>NaN</v><v>NaN</v></row>
			<!-- 2019-02-27 05:15:20 CST / 1551266120 --> <row><v>NaN</v><v>NaN</v></row>
			<!-- 2019-02-27 05:15:30 CST / 1551266130 --> <row><v>NaN</v><v>NaN</v></row>
			<!-- 2019-02-27 05:15:40 CST / 1551266140 --> <row><v>NaN</v><v>NaN</v></row>
			<!-- 2019-02-27 05:15:50 CST / 1551266150 --> <row><v>NaN</v><v>NaN</v></row>
			<!-- 2019-02-27 05:16:00 CST / 1551266160 --> <row><v>NaN</v><v>NaN</v></row>
			<!-- 2019-02-27 05:16:10 CST / 1551266170 --> <row><v>NaN</v><v>NaN</v></row>
			<!-- 2019-02-27 05:16:20 CST / 1551266180 --> <row><v>NaN</v><v>NaN</v></row>
			<!-- 2019-02-27 05:16:30 CST / 1551266190 --> <row><v>NaN</v><v>NaN</v></row>
			<!-- 2019-02-27 05:16:40 CST / 1551266200 --> <row><v>NaN</v><v>NaN</v></row>
			<!-- 2019-02-27 05:16:50 CST / 1551266210 --> <row><v>NaN</v><v>NaN</v></row>
			<!-- 2019-02-27 05:17:00 CST / 1551266220 --> <row><v>NaN</v><v>NaN</v></row>
			<!-- 2019-02-27 05:17:10 CST / 1551266230 --> <row><v>NaN</v><v>NaN</v></row>
			<!-- 2019-02-27 05:17:20 CST / 1551266240 --> <row><v>NaN</v><v>NaN</v></row>
			<!-- 2019-02-27 05:17:30 CST / 1551266250 --> <row><v>NaN</v><v>NaN</v></row>
			<!-- 2019-02-27 05:17:40 CST / 1551266260 --> <row><v>NaN</v><v>NaN</v></row>
			<!-- 2019-02-27 05:17:50 CST / 1551266270 --> <row><v>NaN</v><v>NaN</v></row>
			<!-- 2019-02-27 05:18:00 CST / 1551266280 --> <row><v>NaN</v><v>NaN</v></row>
			<!-- 2019-02-27 05:18:10 CST / 1551266290 --> <row><v>NaN</v><v>NaN</v></row>
			<!-- 2019-02-27 05:18:20 CST / 1551266300 --> <row><v>NaN</v><v>NaN</v></row>
			<!-- 2019-02-27 05:18:30 CST / 1551266310 --> <row><v>NaN</v><v>NaN</v></row>
			<!-- 2019-02-27 05:18:40 CST / 1551266320 --> <row><v>NaN</v><v>NaN</v></row>
			<!-- 2019-02-27 05:18:50 CST / 1551266330 --> <row><v>NaN</v><v>NaN</v></row>
			<!-- 2019-02-27 05:19:00 CST / 1551266340 --> <row><v>NaN</v><v>NaN</v></row>
			<!-- 2019-02-27 05:19:10 CST / 1551266350 --> <row><v>NaN</v><v>NaN</v></row>
			<!-- 2019-02-27 05:19:20 CST / 1551266360 --> <row><v>NaN</v><v>NaN</v></row>
			<!-- 2019-02-27 05:19:30 CST / 1551266370 --> <row><v>NaN</v><v>NaN</v></row>
			<!-- 2019-02-27 05:19:40 CST / 1551266380 --> <row><v>NaN</v><v>NaN</v></row>
			<!-- 2019-02-27 05:19:50 CST / 1551266390 --> <row><v>NaN</v><v>NaN</v></row>
			<!-- 2019-02-27 05:20:00 CST / 1551266400 --> <row><v>NaN</v><v>NaN</v></row>
			<!-- 2019-02-27 05:20:10 CST / 1551266410 --> <row><v>NaN</v><v>NaN</v></row>
			<!-- 2019-02-27 05:20:20 CST / 1551266420 --> <row><v>NaN</v><v>NaN</v></row>
			<!-- 2019-02-27 05:20:30 CST / 1551266430 --> <row><v>NaN</v><v>NaN</v></row>
			<!-- 2019-02-27 05:20:40 CST / 1551266440 --> <row><v>NaN</v><v>NaN</v></row>
			<!-- 2019-02-27 05:20:50 CST / 1551266450 --> <row><v>NaN</v><v>NaN</v></row>
			<!-- 2019-02-27 05:21:00 CST / 1551266460 --> <row><v>NaN</v><v>NaN</v></row>
			<!-- 2019-02-27 05:21:10 CST / 1551266470 --> <row><v>NaN</v><v>NaN</v></row>
			<!-- 2019-02-27 05:21:20 CST / 1551266480 --> <row><v>NaN</v><v>NaN</v></row>
			<!-- 2019-02-27 05:21:30 CST / 1551266490 --> <row><v>NaN</v><v>NaN</v></row>
			<!-- 2019-02-27 05:21:40 CST / 1551266500 --> <row><v>NaN</v><v>NaN</v></row>
			<!-- 2019-02-27 05:21:50 CST / 1551266510 --> <row><v>NaN</v><v>NaN</v></row>
			<!-- 2019-02-27 05:22:00 CST / 1551266520 --> <row><v>NaN</v><v>NaN</v></row>
			<!-- 2019-02-27 05:22:10 CST / 1551266530 --> <row><v>NaN</v><v>NaN</v></row>
			<!-- 2019-02-27 05:22:20 CST / 1551266540 --> <row><v>NaN</v><v>NaN</v></row>
			<!-- 2019-02-27 05:22:30 CST / 1551266550 --> <row><v>NaN</v><v>NaN</v></row>
			<!-- 2019-02-27 05:22:40 CST / 1551266560 --> <row><v>NaN</v><v>NaN</v></row>
			<!-- 2019-02-27 05:22:50 CST / 1551266570 --> <row><v>NaN</v><v>NaN</v></row>
			<!-- 2019-02-27 05:23:00 CST / 1551266580 --> <row><v>NaN</v><v>NaN</v></row>
			<!-- 2019-02-27 05:23:10 CST / 1551266590 --> <row><v>NaN</v><v>NaN</v></row>
			<!-- 2019-02-27 05:23:20 CST / 1551266600 --> <row><v>NaN</v><v>NaN</v></row>
			<!-- 2019-02-27 05:23:30 CST / 1551266610 --> <row><v>NaN</v><v>NaN</v></row>
			<!-- 2019-02-27 05:23:40 CST / 1551266620 --> <row><v>NaN</v><v>NaN</v></row>
			<!-- 2019-02-27 05:23:50 CST / 1551266630 --> <row><v>NaN</v><v>NaN</v></row>
			<!-- 2019-02-27 05:24:00 CST / 1551266640 --> <row><v>NaN</v><v>NaN</v></row>
			<!-- 2019-02-27 05:24:10 CST / 1551266650 --> <row><v>NaN</v><v>NaN</v></row>
			<!-- 2019-02-27 05:24:20 CST / 1551266660 --> <row><v>NaN</v><v>NaN</v></row>
			<!-- 2019-02-27 05:24:30 CST / 1551266670 --> <row><v>NaN</v><v>NaN</v></row>
			<!-- 2019-02-27 05:24:40 CST / 1551266680 --> <row><v>NaN</v><v>NaN</v></row>
			<!-- 2019-02-27 05:24:50 CST / 1551266690 --> <row><v>NaN</v><v>NaN</v></row>
			<!-- 2019-02-27 05:25:00 CST / 1551266700 --> <row><v>NaN</v><v>NaN</v></row>
			<!-- 2019-02-27 05:25:10 CST / 1551266710 --> <row><v>NaN</v><v>NaN</v></row>
			<!-- 2019-02-27 05:25:20 CST / 1551266720 --> <row><v>NaN</v><v>NaN</v></row>
			<!-- 2019-02-27 05:25:30 CST / 1551266730 --> <row><v>NaN</v><v>NaN</v></row>
			<!-- 2019-02-27 05:25:40 CST / 1551266740 --> <row><v>NaN</v><v>NaN</v></row>
			<!-- 2019-02-27 05:25:50 CST / 1551266750 --> <row><v>NaN</v><v>NaN</v></row>
			<!-- 2019-02-27 05:26:00 CST / 1551266760 --> <row><v>NaN</v><v>NaN</v></row>
			<!-- 2019-02-27 05:26:10 CST / 1551266770 --> <row><v>NaN</v><v>NaN</v></row>
			<!-- 2019-02-27 05:26:20 CST / 1551266780 --> <row><v>NaN</v><v>NaN</v></row>
			<!-- 2019-02-27 05:26:30 CST / 1551266790 --> <row><v>NaN</v><v>NaN</v></row>
			<!-- 2019-02-27 05:26:40 CST / 1551266800 --> <row><v>NaN</v><v>NaN</v></row>
			<!-- 2019-02-27 05:26:50 CST / 1551266810 --> <row><v>NaN</v><v>NaN</v></row>
			<!-- 2019-02-27 05:27:00 CST / 1551266820 --> <row><v>NaN</v><v>NaN</v></row>
			<!-- 2019-02-27 05:27:10 CST / 1551266830 --> <row><v>NaN</v><v>NaN</v></row>
			<!-- 2019-02-27 05:27:20 CST / 1551266840 --> <row><v>NaN</v><v>NaN</v></row>
			<!-- 2019-02-27 05:27:30 CST / 1551266850 --> <row><v>NaN</v><v>NaN</v></row>
			<!-- 2019-02-27 05:27:40 CST / 1551266860 --> <row><v>NaN</v><v>NaN</v></row>
			<!-- 2019-02-27 05:27:50 CST / 1551266870 --> <row><v>NaN</v><v>NaN</v></row>
			<!-- 2019-02-27 05:28:00 CST / 1551266880 --> <row><v>NaN</v><v>NaN</v></row>
			<!-- 2019-02-27 05:28:10 CST / 1551266890 --> <row><v>NaN</v><v>NaN</v></row>
			<!-- 2019-02-27 05:28:20 CST / 1551266900 --> <row><v>NaN</v><v>NaN</v></row>
			<!-- 2019-02-27 05:28:30 CST / 1551266910 --> <row><v>NaN</v><v>NaN</v></row>
			<!-- 2019-02-27 05:28:40 CST / 1551266920 --> <row><v>NaN</v><v>NaN</v></row>
			<!-- 2019-02-27 05:28:50 CST / 1551266930 --> <row><v>NaN</v><v>NaN</v></row>
			<!-- 2019-02-27 05:29:00 CST / 1551266940 --> <row><v>NaN</v><v>NaN</v></row>
			<!-- 2019-02-27 05:29:10 CST / 1551266950 --> <row><v>NaN</v><v>NaN</v></row>
			<!-- 2019-02-27 05:29:20 CST / 1551266960 --> <row><v>NaN</v><v>NaN</v></row>
			<!-- 2019-02-27 05:29:30 CST / 1551266970 --> <row><v>NaN</v><v>NaN</v></row>
			<!-- 2019-02-27 05:29:40 CST / 1551266980 --> <row><v>NaN</v><v>NaN</v></row>
			<!-- 2019-02-27 05:29:50 CST / 1551266990 --> <row><v>NaN</v><v>NaN</v></row>
			<!-- 2019-02-27 05:30:00 CST / 1551267000 --> <row><v>NaN</v><v>NaN</v></row>
			<!-- 2019-02-27 05:30:10 CST / 1551267010 --> <row><v>NaN</v><v>NaN</v></row>
			<!-- 2019-02-27 05:30:20 CST / 1551267020 --> <row><v>NaN</v><v>NaN</v></row>
			<!-- 2019-02-27 05:30:30 CST / 1551267030 --> <row><v>NaN</v><v>NaN</v></row>
			<!-- 2019-02-27 05:30:40 CST / 1551267040 --> <row><v>NaN</v><v>NaN</v></row>
			<!-- 2019-02-27 05:30:50 CST / 1551267050 --> <row><v>NaN</v><v>NaN</v></row>
			<!-- 2019-02-27 05:31:00 CST / 1551267060 --> <row><v>NaN</v><v>NaN</v></row>
			<!-- 2019-02-27 05:31:10 CST / 1551267070 --> <row><v>NaN</v><v>NaN</v></row>
			<!-- 2019-02-27 05:31:20 CST / 1551267080 --> <row><v>NaN</v><v>NaN</v></row>
			<!-- 2019-02-27 05:31:30 CST / 1551267090 --> <row><v>NaN</v><v>NaN</v></row>
			<!-- 2019-02-27 05:31:40 CST / 1551267100 --> <row><v>NaN</v><v>NaN</v></row>
			<!-- 2019-02-27 05:31:50 CST / 1551267110 --> <row><v>NaN</v><v>NaN</v></row>
			<!-- 2019-02-27 05:32:00 CST / 1551267120 --> <row><v>NaN</v><v>NaN</v></row>
			<!-- 2019-02-27 05:32:10 CST / 1551267130 --> <row><v>NaN</v><v>NaN</v></row>
			<!-- 2019-02-27 05:32:20 CST / 1551267140 --> <row><v>NaN</v><v>NaN</v></row>
			<!-- 2019-02-27 05:32:30 CST / 1551267150 --> <row><v>NaN</v><v>NaN</v></row>
			<!-- 2019-02-27 05:32:40 CST / 1551267160 --> <row><v>NaN</v><v>NaN</v></row>
			<!-- 2019-02-27 05:32:50 CST / 1551267170 --> <row><v>NaN</v><v>NaN</v></row>
			<!-- 2019-02-27 05:33:00 CST / 1551267180 --> <row><v>NaN</v><v>NaN</v></row>
			<!-- 2019-02-27 05:33:10 CST / 1551267190 --> <row><v>NaN</v><v>NaN</v></row>
			<!-- 2019-02-27 05:33:20 CST / 1551267200 --> <row><v>NaN</v><v>NaN</v></row>
			<!-- 2019-02-27 05:33:30 CST / 1551267210 --> <row><v>NaN</v><v>NaN</v></row>
			<!-- 2019-02-27 05:33:40 CST / 1551267220 --> <row><v>NaN</v><v>NaN</v></row>
			<!-- 2019-02-27 05:33:50 CST / 1551267230 --> <row><v>NaN</v><v>NaN</v></row>
			<!-- 2019-02-27 05:34:00 CST / 1551267240 --> <row><v>NaN</v><v>NaN</v></row>
			<!-- 2019-02-27 05:34:10 CST / 1551267250 --> <row><v>NaN</v><v>NaN</v></row>
			<!-- 2019-02-27 05:34:20 CST / 1551267260 --> <row><v>NaN</v><v>NaN</v></row>
			<!-- 2019-02-27 05:34:30 CST / 1551267270 --> <row><v>NaN</v><v>NaN</v></row>
			<!-- 2019-02-27 05:34:40 CST / 1551267280 --> <row><v>NaN</v><v>NaN</v></row>
			<!-- 2019-02-27 05:34:50 CST / 1551267290 --> <row><v>NaN</v><v>NaN</v></row>
			<!-- 2019-02-27 05:35:00 CST / 1551267300 --> <row><v>NaN</v><v>NaN</v></row>
			<!-- 2019-02-27 05:35:10 CST / 1551267310 --> <row><v>NaN</v><v>NaN</v></row>
			<!-- 2019-02-27 05:35:20 CST / 1551267320 --> <row><v>NaN</v><v>NaN</v></row>
			<!-- 2019-02-27 05:35:30 CST / 1551267330 --> <row><v>NaN</v><v>NaN</v></row>
			<!-- 2019-02-27 05:35:40 CST / 1551267340 --> <row><v>NaN</v><v>NaN</v></row>
			<!-- 2019-02-27 05:35:50 CST / 1551267350 --> <row><v>NaN</v><v>NaN</v></row>
			<!-- 2019-02-27 05:36:00 CST / 1551267360 --> <row><v>NaN</v><v>NaN</v></row>
			<!-- 2019-02-27 05:36:10 CST / 1551267370 --> <row><v>NaN</v><v>NaN</v></row>
			<!-- 2019-02-27 05:36:20 CST / 1551267380 --> <row><v>NaN</v><v>NaN</v></row>
			<!-- 2019-02-27 05:36:30 CST / 1551267390 --> <row><v>NaN</v><v>NaN</v></row>
			<!-- 2019-02-27 05:36:40 CST / 1551267400 --> <row><v>NaN</v><v>NaN</v></row>
			<!-- 2019-02-27 05:36:50 CST / 1551267410 --> <row><v>NaN</v><v>NaN</v></row>
			<!-- 2019-02-27 05:37:00 CST / 1551267420 --> <row><v>NaN</v><v>NaN</v></row>
			<!-- 2019-02-27 05:37:10 CST / 1551267430 --> <row><v>NaN</v><v>NaN</v></row>
			<!-- 2019-02-27 05:37:20 CST / 1551267440 --> <row><v>NaN</v><v>NaN</v></row>
			<!-- 2019-02-27 05:37:30 CST / 1551267450 --> <row><v>NaN</v><v>NaN</v></row>
			<!-- 2019-02-27 05:37:40 CST / 1551267460 --> <row><v>NaN</v><v>NaN</v></row>
			<!-- 2019-02-27 05:37:50 CST / 1551267470 --> <row><v>NaN</v><v>NaN</v></row>
			<!-- 2019-02-27 05:38:00 CST / 1551267480 --> <row><v>NaN</v><v>NaN</v></row>
			<!-- 2019-02-27 05:38:10 CST / 1551267490 --> <row><v>NaN</v><v>NaN</v></row>
			<!-- 2019-02-27 05:38:20 CST / 1551267500 --> <row><v>NaN</v><v>NaN</v></row>
			<!-- 2019-02-27 05:38:30 CST / 1551267510 --> <row><v>NaN</v><v>NaN</v></row>
			<!-- 2019-02-27 05:38:40 CST / 1551267520 --> <row><v>NaN</v><v>NaN</v></row>
			<!-- 2019-02-27 05:38:50 CST / 1551267530 --> <row><v>NaN</v><v>NaN</v></row>
			<!-- 2019-02-27 05:39:00 CST / 1551267540 --> <row><v>NaN</v><v>NaN</v></row>
			<!-- 2019-02-27 05:39:10 CST / 1551267550 --> <row><v>NaN</v><v>NaN</v></row>
			<!-- 2019-02-27 05:39:20 CST / 1551267560 --> <row><v>NaN</v><v>NaN</v></row>
			<!-- 2019-02-27 05:39:30 CST / 1551267570 --> <row><v>NaN</v><v>NaN</v></row>
			<!-- 2019-02-27 05:39:40 CST / 1551267580 --> <row><v>NaN</v><v>NaN</v></row>
			<!-- 2019-02-27 05:39:50 CST / 1551267590 --> <row><v>NaN</v><v>NaN</v></row>
			<!-- 2019-02-27 05:40:00 CST / 1551267600 --> <row><v>NaN</v><v>NaN</v></row>
			<!-- 2019-02-27 05:40:10 CST / 1551267610 --> <row><v>NaN</v><v>NaN</v></row>
			<!-- 2019-02-27 05:40:20 CST / 1551267620 --> <row><v>NaN</v><v>NaN</v></row>
			<!-- 2019-02-27 05:40:30 CST / 1551267630 --> <row><v>NaN</v><v>NaN</v></row>
			<!-- 2019-02-27 05:40:40 CST / 1551267640 --> <row><v>NaN</v><v>NaN</v></row>
			<!-- 2019-02-27 05:40:50 CST / 1551267650 --> <row><v>NaN</v><v>NaN</v></row>
			<!-- 2019-02-27 05:41:00 CST / 1551267660 --> <row><v>NaN</v><v>NaN</v></row>
			<!-- 2019-02-27 05:41:10 CST / 1551267670 --> <row><v>NaN</v><v>NaN</v></row>
			<!-- 2019-02-27 05:41:20 CST / 1551267680 --> <row><v>NaN</v><v>NaN</v></row>
			<!-- 2019-02-27 05:41:30 CST / 1551267690 --> <row><v>NaN</v><v>NaN</v></row>
			<!-- 2019-02-27 05:41:40 CST / 1551267700 --> <row><v>NaN</v><v>NaN</v></row>
			<!-- 2019-02-27 05:41:50 CST / 1551267710 --> <row><v>NaN</v><v>NaN</v></row>
			<!-- 2019-02-27 05:42:00 CST / 1551267720 --> <row><v>NaN</v><v>NaN</v></row>
			<!-- 2019-02-27 05:42:10 CST / 1551267730 --> <row><v>NaN</v><v>NaN</v></row>
			<!-- 2019-02-27 05:42:20 CST / 1551267740 --> <row><v>NaN</v><v>NaN</v></row>
			<!-- 2019-02-27 05:42:30 CST / 1551267750 --> <row><v>NaN</v><v>NaN</v></row>
			<!-- 2019-02-27 05:42:40 CST / 1551267760 --> <row><v>NaN</v><v>NaN</v></row>
			<!-- 2019-02-27 05:42:50 CST / 1551267770 --> <row><v>NaN</v><v>NaN</v></row>
			<!-- 2019-02-27 05:43:00 CST / 1551267780 --> <row><v>NaN</v><v>NaN</v></row>
			<!-- 2019-02-27 05:43:10 CST / 1551267790 --> <row><v>NaN</v><v>NaN</v></row>
			<!-- 2019-02-27 05:43:20 CST / 1551267800 --> <row><v>NaN</v><v>NaN</v></row>
			<!-- 2019-02-27 05:43:30 CST / 1551267810 --> <row><v>NaN</v><v>NaN</v></row>
			<!-- 2019-02-27 05:43:40 CST / 1551267820 --> <row><v>NaN</v><v>NaN</v></row>
			<!-- 2019-02-27 05:43:50 CST / 1551267830 --> <row><v>NaN</v><v>NaN</v></row>
			<!-- 2019-02-27 05:44:00 CST / 1551267840 --> <row><v>NaN</v><v>NaN</v></row>
			<!-- 2019-02-27 05:44:10 CST / 1551267850 --> <row><v>NaN</v><v>NaN</v></row>
			<!-- 2019-02-27 05:44:20 CST / 1551267860 --> <row><v>NaN</v><v>NaN</v></row>
			<!-- 2019-02-27 05:44:30 CST / 1551267870 --> <row><v>NaN</v><v>NaN</v></row>
			<!-- 2019-02-27 05:44:40 CST / 1551267880 --> <row><v>NaN</v><v>NaN</v></row>
			<!-- 2019-02-27 05:44:50 CST / 1551267890 --> <row><v>NaN</v><v>NaN</v></row>
			<!-- 2019-02-27 05:45:00 CST / 1551267900 --> <row><v>NaN</v><v>NaN</v></row>
			<!-- 2019-02-27 05:45:10 CST / 1551267910 --> <row><v>NaN</v><v>NaN</v></row>
			<!-- 2019-02-27 05:45:20 CST / 1551267920 --> <row><v>NaN</v><v>NaN</v></row>
			<!-- 2019-02-27 05:45:30 CST / 1551267930 --> <row><v>NaN</v><v>NaN</v></row>
			<!-- 2019-02-27 05:45:40 CST / 1551267940 --> <row><v>NaN</v><v>NaN</v></row>
			<!-- 2019-02-27 05:45:50 CST / 1551267950 --> <row><v>NaN</v><v>NaN</v></row>
			<!-- 2019-02-27 05:46:00 CST / 1551267960 --> <row><v>NaN</v><v>NaN</v></row>
			<!-- 2019-02-27 05:46:10 CST / 1551267970 --> <row><v>NaN</v><v>NaN</v></row>
			<!-- 2019-02-27 05:46:20 CST / 1551267980 --> <row><v>NaN</v><v>NaN</v></row>
			<!-- 2019-02-27 05:46:30 CST / 1551267990 --> <row><v>NaN</v><v>NaN</v></row>
			<!-- 2019-02-27 05:46:40 CST / 1551268000 --> <row><v>NaN</v><v>NaN</v></row>
			<!-- 2019-02-27 05:46:50 CST / 1551268010 --> <row><v>NaN</v><v>NaN</v></row>
			<!-- 2019-02-27 05:47:00 CST / 1551268020 --> <row><v>NaN</v><v>NaN</v></row>
			<!-- 2019-02-27 05:47:10 CST / 1551268030 --> <row><v>NaN</v><v>NaN</v></row>
			<!-- 2019-02-27 05:47:20 CST / 1551268040 --> <row><v>NaN</v><v>NaN</v></row>
			<!-- 2019-02-27 05:47:30 CST / 1551268050 --> <row><v>NaN</v><v>NaN</v></row>
			<!-- 2019-02-27 05:47:40 CST / 1551268060 --> <row><v>NaN</v><v>NaN</v></row>
			<!-- 2019-02-27 05:47:50 CST / 1551268070 --> <row><v>NaN</v><v>NaN</v></row>
			<!-- 2019-02-27 05:48:00 CST / 1551268080 --> <row><v>NaN</v><v>NaN</v></row>
			<!-- 2019-02-27 05:48:10 CST / 1551268090 --> <row><v>NaN</v><v>NaN</v></row>
			<!-- 2019-02-27 05:48:20 CST / 1551268100 --> <row><v>NaN</v><v>NaN</v></row>
			<!-- 2019-02-27 05:48:30 CST / 1551268110 --> <row><v>NaN</v><v>NaN</v></row>
			<!-- 2019-02-27 05:48:40 CST / 1551268120 --> <row><v>NaN</v><v>NaN</v></row>
			<!-- 2019-02-27 05:48:50 CST / 1551268130 --> <row><v>NaN</v><v>NaN</v></row>
			<!-- 2019-02-27 05:49:00 CST / 1551268140 --> <row><v>NaN</v><v>NaN</v></row>
			<!-- 2019-02-27 05:49:10 CST / 1551268150 --> <row><v>NaN</v><v>NaN</v></row>
			<!-- 2019-02-27 05:49:20 CST / 1551268160 --> <row><v>NaN</v><v>NaN</v></row>
			<!-- 2019-02-27 05:49:30 CST / 1551268170 --> <row><v>NaN</v><v>NaN</v></row>
			<!-- 2019-02-27 05:49:40 CST / 1551268180 --> <row><v>NaN</v><v>NaN</v></row>
			<!-- 2019-02-27 05:49:50 CST / 1551268190 --> <row><v>NaN</v><v>NaN</v></row>
			<!-- 2019-02-27 05:50:00 CST / 1551268200 --> <row><v>NaN</v><v>NaN</v></row>
			<!-- 2019-02-27 05:50:10 CST / 1551268210 --> <row><v>NaN</v><v>NaN</v></row>
			<!-- 2019-02-27 05:50:20 CST / 1551268220 --> <row><v>NaN</v><v>NaN</v></row>
			<!-- 2019-02-27 05:50:30 CST / 1551268230 --> <row><v>NaN</v><v>NaN</v></row>
			<!-- 2019-02-27 05:50:40 CST / 1551268240 --> <row><v>NaN</v><v>NaN</v></row>
			<!-- 2019-02-27 05:50:50 CST / 1551268250 --> <row><v>NaN</v><v>NaN</v></row>
			<!-- 2019-02-27 05:51:00 CST / 1551268260 --> <row><v>NaN</v><v>NaN</v></row>
			<!-- 2019-02-27 05:51:10 CST / 1551268270 --> <row><v>NaN</v><v>NaN</v></row>
			<!-- 2019-02-27 05:51:20 CST / 1551268280 --> <row><v>NaN</v><v>NaN</v></row>
			<!-- 2019-02-27 05:51:30 CST / 1551268290 --> <row><v>NaN</v><v>NaN</v></row>
			<!-- 2019-02-27 05:51:40 CST / 1551268300 --> <row><v>NaN</v><v>NaN</v></row>
			<!-- 2019-02-27 05:51:50 CST / 1551268310 --> <row><v>NaN</v><v>NaN</v></row>
			<!-- 2019-02-27 05:52:00 CST / 1551268320 --> <row><v>NaN</v><v>NaN</v></row>
			<!-- 2019-02-27 05:52:10 CST / 1551268330 --> <row><v>NaN</v><v>NaN</v></row>
			<!-- 2019-02-27 05:52:20 CST / 1551268340 --> <row><v>NaN</v><v>NaN</v></row>
			<!-- 2019-02-27 05:52:30 CST / 1551268350 --> <row><v>NaN</v><v>NaN</v></row>
			<!-- 2019-02-27 05:52:40 CST / 1551268360 --> <row><v>NaN</v><v>NaN</v></row>
			<!-- 2019-02-27 05:52:50 CST / 1551268370 --> <row><v>NaN</v><v>NaN</v></row>
			<!-- 2019-02-27 05:53:00 CST / 1551268380 --> <row><v>NaN</v><v>NaN</v></row>
			<!-- 2019-02-27 05:53:10 CST / 1551268390 --> <row><v>NaN</v><v>NaN</v></row>
			<!-- 2019-02-27 05:53:20 CST / 1551268400 --> <row><v>NaN</v><v>NaN</v></row>
			<!-- 2019-02-27 05:53:30 CST / 1551268410 --> <row><v>NaN</v><v>NaN</v></row>
			<!-- 2019-02-27 05:53:40 CST / 1551268420 --> <row><v>NaN</v><v>NaN</v></row>
			<!-- 2019-02-27 05:53:50 CST / 1551268430 --> <row><v>NaN</v><v>NaN</v></row>
			<!-- 2019-02-27 05:54:00 CST / 1551268440 --> <row><v>NaN</v><v>NaN</v></row>
			<!-- 2019-02-27 05:54:10 CST / 1551268450 --> <row><v>NaN</v><v>NaN</v></row>
			<!-- 2019-02-27 05:54:20 CST / 1551268460 --> <row><v>NaN</v><v>NaN</v></row>
			<!-- 2019-02-27 05:54:30 CST / 1551268470 --> <row><v>NaN</v><v>NaN</v></row>
			<!-- 2019-02-27 05:54:40 CST / 1551268480 --> <row><v>NaN</v><v>NaN</v></row>
			<!-- 2019-02-27 05:54:50 CST / 1551268490 --> <row><v>NaN</v><v>NaN</v></row>
			<!-- 2019-02-27 05:55:00 CST / 1551268500 --> <row><v>NaN</v><v>NaN</v></row>
			<!-- 2019-02-27 05:55:10 CST / 1551268510 --> <row><v>NaN</v><v>NaN</v></row>
			<!-- 2019-02-27 05:55:20 CST / 1551268520 --> <row><v>NaN</v><v>NaN</v></row>
			<!-- 2019-02-27 05:55:30 CST / 1551268530 --> <row><v>NaN</v><v>NaN</v></row>
			<!-- 2019-02-27 05:55:40 CST / 1551268540 --> <row><v>NaN</v><v>NaN</v></row>
			<!-- 2019-02-27 05:55:50 CST / 1551268550 --> <row><v>NaN</v><v>NaN</v></row>
			<!-- 2019-02-27 05:56:00 CST / 1551268560 --> <row><v>NaN</v><v>NaN</v></row>
			<!-- 2019-02-27 05:56:10 CST / 1551268570 --> <row><v>NaN</v><v>NaN</v></row>
			<!-- 2019-02-27 05:56:20 CST / 1551268580 --> <row><v>NaN</v><v>NaN</v></row>
			<!-- 2019-02-27 05:56:30 CST / 1551268590 --> <row><v>NaN</v><v>NaN</v></row>
			<!-- 2019-02-27 05:56:40 CST / 1551268600 --> <row><v>NaN</v><v>NaN</v></row>
			<!-- 2019-02-27 05:56:50 CST / 1551268610 --> <row><v>NaN</v><v>NaN</v></row>
			<!-- 2019-02-27 05:57:00 CST / 1551268620 --> <row><v>NaN</v><v>NaN</v></row>
			<!-- 2019-02-27 05:57:10 CST / 1551268630 --> <row><v>NaN</v><v>NaN</v></row>
			<!-- 2019-02-27 05:57:20 CST / 1551268640 --> <row><v>NaN</v><v>NaN</v></row>
			<!-- 2019-02-27 05:57:30 CST / 1551268650 --> <row><v>NaN</v><v>NaN</v></row>
			<!-- 2019-02-27 05:57:40 CST / 1551268660 --> <row><v>NaN</v><v>NaN</v></row>
			<!-- 2019-02-27 05:57:50 CST / 1551268670 --> <row><v>NaN</v><v>NaN</v></row>
			<!-- 2019-02-27 05:58:00 CST / 1551268680 --> <row><v>NaN</v><v>NaN</v></row>
			<!-- 2019-02-27 05:58:10 CST / 1551268690 --> <row><v>NaN</v><v>NaN</v></row>
			<!-- 2019-02-27 05:58:20 CST / 1551268700 --> <row><v>NaN</v><v>NaN</v></row>
			<!-- 2019-02-27 05:58:30 CST / 1551268710 --> <row><v>NaN</v><v>NaN</v></row>
			<!-- 2019-02-27 05:58:40 CST / 1551268720 --> <row><v>NaN</v><v>NaN</v></row>
			<!-- 2019-02-27 05:58:50 CST / 1551268730 --> <row><v>NaN</v><v>NaN</v></row>
			<!-- 2019-02-27 05:59:00 CST / 1551268740 --> <row><v>NaN</v><v>NaN</v></row>
			<!-- 2019-02-27 05:59:10 CST / 1551268750 --> <row><v>NaN</v><v>NaN</v></row>
			<!-- 2019-02-27 05:59:20 CST / 1551268760 --> <row><v>NaN</v><v>NaN</v></row>
			<!-- 2019-02-27 05:59:30 CST / 1551268770 --> <row><v>NaN</v><v>NaN</v></row>
			<!-- 2019-02-27 05:59:40 CST / 1551268780 --> <row><v>NaN</v><v>NaN</v></row>
			<!-- 2019-02-27 05:59:50 CST / 1551268790 --> <row><v>NaN</v><v>NaN</v></row>
			<!-- 2019-02-27 06:00:00 CST / 1551268800 --> <row><v>NaN</v><v>NaN</v></row>
			<!-- 2019-02-27 06:00:10 CST / 1551268810 --> <row><v>NaN</v><v>NaN</v></row>
			<!-- 2019-02-27 06:00:20 CST / 1551268820 --> <row><v>NaN</v><v>NaN</v></row>
			<!-- 2019-02-27 06:00:30 CST / 1551268830 --> <row><v>NaN</v><v>NaN</v></row>
			<!-- 2019-02-27 06:00:40 CST / 1551268840 --> <row><v>NaN</v><v>NaN</v></row>
			<!-- 2019-02-27 06:00:50 CST / 1551268850 --> <row><v>NaN</v><v>NaN</v></row>
			<!-- 2019-02-27 06:01:00 CST / 1551268860 --> <row><v>NaN</v><v>NaN</v></row>
			<!-- 2019-02-27 06:01:10 CST / 1551268870 --> <row><v>NaN</v><v>NaN</v></row>
			<!-- 2019-02-27 06:01:20 CST / 1551268880 --> <row><v>NaN</v><v>NaN</v></row>
			<!-- 2019-02-27 06:01:30 CST / 1551268890 --> <row><v>NaN</v><v>NaN</v></row>
			<!-- 2019-02-27 06:01:40 CST / 1551268900 --> <row><v>NaN</v><v>NaN</v></row>
			<!-- 2019-02-27 06:01:50 CST / 1551268910 --> <row><v>NaN</v><v>NaN</v></row>
			<!-- 2019-02-27 06:02:00 CST / 1551268920 --> <row><v>NaN</v><v>NaN</v></row>
			<!-- 2019-02-27 06:02:10 CST / 1551268930 --> <row><v>NaN</v><v>NaN</v></row>
			<!-- 2019-02-27 06:02:20 CST / 1551268940 --> <row><v>NaN</v><v>NaN</v></row>
			<!-- 2019-02-27 06:02:30 CST / 1551268950 --> <row><v>NaN</v><v>NaN</v></row>
			<!-- 2019-02-27 06:02:40 CST / 1551268960 --> <row><v>NaN</v><v>NaN</v></row>
			<!-- 2019-02-27 06:02:50 CST / 1551268970 --> <row><v>NaN</v><v>NaN</v></row>
			<!-- 2019-02-27 06:03:00 CST / 1551268980 --> <row><v>NaN</v><v>NaN</v></row>
			<!-- 2019-02-27 06:03:10 CST / 1551268990 --> <row><v>0.0000000000e+00</v><v>0.0000000000e+00</v></row>
		</database>
	</rra>
</rrd>
